INSERT INTO MC_BASIC_SETTING( SITE_ID, CERTIFICATION_YN, LOGOUT_TIME_YN, LOGOUT_TIME, PW_CHANGE_YN, PW_CHANGE_CYCLE, DORMANCY_YN, DORMANCY_DAY, ADM_LOGOUT_TIME_YN, ADM_LOGOUT_TIME, ADM_PW_CHANGE_YN, ADM_PW_CHANGE_CYCLE, ADM_DORMANCY_YN, ADM_DORMANCY_DAY) VALUES(1, 'N', 'N', NULL, 'N', NULL, 'N', NULL, 'N', NULL, 'N', NULL, 'N', NULL);

INSERT INTO MC_CMS_MENU(CMS_MENU_SEQ, TITLE, MENU_ORDER, USE_YN, BLANK_YN, MENU_TYPE, TARGET_URL, PROGRAM_NM, BOARD_SEQ, CONTS, SITE_ID, REG_NM, REG_DT, MOD_NM, MOD_DT, DEL_NM, DEL_DT, DEL_YN, CHILD_TYPE, HEAD_HTML, TEMPLATE_TYPE, REG_ID, MOD_ID, DEL_ID, PARENT_MENU_SEQ, MENU_URL, CUD_GROUP_SEQ, R_GROUP_SEQ, MANAGE_URL, TOP_YN, SUB_PATH)VALUES( 1, 'CMS', 1, 'Y', 'N', 1, '', '', NULL, '', 1, '', SYSDATE(), '', SYSDATE(),'' , NULL, 'N', 1, '', 1, '', '', '', 0, '/web', '', '', '', 'Y', '/web');
INSERT INTO MC_CMS_MENU(CMS_MENU_SEQ, TITLE, MENU_ORDER, USE_YN, BLANK_YN, MENU_TYPE, TARGET_URL, PROGRAM_NM, BOARD_SEQ, CONTS, SITE_ID, REG_NM, REG_DT, MOD_NM, MOD_DT, DEL_NM, DEL_DT, DEL_YN, CHILD_TYPE, HEAD_HTML, TEMPLATE_TYPE, REG_ID, MOD_ID, DEL_ID, PARENT_MENU_SEQ, MENU_URL, CUD_GROUP_SEQ, R_GROUP_SEQ, MANAGE_URL, TOP_YN, SUB_PATH)VALUES( 2, '회원정보', 1, 'Y', 'N', 5, '', '', NULL, '', 1, '', SYSDATE(), '', SYSDATE(),'' , NULL, 'N', '1', '', '1', '', '', '', '1', '/web/lay1/S1T1C2/sublink.do', '', '', '', 'N', '');
INSERT INTO MC_CMS_MENU(CMS_MENU_SEQ, TITLE, MENU_ORDER, USE_YN, BLANK_YN, MENU_TYPE, TARGET_URL, PROGRAM_NM, BOARD_SEQ, CONTS, SITE_ID, REG_NM, REG_DT, MOD_NM, MOD_DT, DEL_NM, DEL_DT, DEL_YN, CHILD_TYPE, HEAD_HTML, TEMPLATE_TYPE, REG_ID, MOD_ID, DEL_ID, PARENT_MENU_SEQ, MENU_URL, CUD_GROUP_SEQ, R_GROUP_SEQ, MANAGE_URL, TOP_YN, SUB_PATH)VALUES( 4, '로그인', 2, 'Y', 'N', 3, '/member/login.do', '로그인', NULL, '', 1, '', SYSDATE(), '', SYSDATE(),'' , NULL, 'N', '1', '', '1', '', '', '', '2', '/web/lay1/program/S1T2C4/member/login.do', '', '', '', '', '');
INSERT INTO MC_CMS_MENU(CMS_MENU_SEQ, TITLE, MENU_ORDER, USE_YN, BLANK_YN, MENU_TYPE, TARGET_URL, PROGRAM_NM, BOARD_SEQ, CONTS, SITE_ID, REG_NM, REG_DT, MOD_NM, MOD_DT, DEL_NM, DEL_DT, DEL_YN, CHILD_TYPE, HEAD_HTML, TEMPLATE_TYPE, REG_ID, MOD_ID, DEL_ID, PARENT_MENU_SEQ, MENU_URL, CUD_GROUP_SEQ, R_GROUP_SEQ, MANAGE_URL, TOP_YN, SUB_PATH)VALUES( 5, '정보수정', 3, 'Y', 'N', 3, '/member/modify.do', '정보변경', NULL, '', 1, '', SYSDATE(), '', SYSDATE(),'' , NULL, 'N', '1', '', '1', '', '', '', '2', '/web/lay1/program/S1T2C5/member/modify.do', '', '', '', '', '');
INSERT INTO MC_CMS_MENU(CMS_MENU_SEQ, TITLE, MENU_ORDER, USE_YN, BLANK_YN, MENU_TYPE, TARGET_URL, PROGRAM_NM, BOARD_SEQ, CONTS, SITE_ID, REG_NM, REG_DT, MOD_NM, MOD_DT, DEL_NM, DEL_DT, DEL_YN, CHILD_TYPE, HEAD_HTML, TEMPLATE_TYPE, REG_ID, MOD_ID, DEL_ID, PARENT_MENU_SEQ, MENU_URL, CUD_GROUP_SEQ, R_GROUP_SEQ, MANAGE_URL, TOP_YN, SUB_PATH)VALUES( 3, '회원가입', 1, 'Y', 'N', 3, '/member/join.do', '회원가입', NULL, '', 1, '', SYSDATE(), '', SYSDATE(),'' , NULL, 'N', '1', '', '1', '', '', '', '2', '/web/lay1/program/S1T2C3/member/join.do', '', '', '', '', '');
INSERT INTO MC_CMS_MENU(CMS_MENU_SEQ, TITLE, MENU_ORDER, USE_YN, BLANK_YN, MENU_TYPE, TARGET_URL, PROGRAM_NM, BOARD_SEQ, CONTS, SITE_ID, REG_NM, REG_DT, MOD_NM, MOD_DT, DEL_NM, DEL_DT, DEL_YN, CHILD_TYPE, HEAD_HTML, TEMPLATE_TYPE, REG_ID, MOD_ID, DEL_ID, PARENT_MENU_SEQ, MENU_URL, CUD_GROUP_SEQ, R_GROUP_SEQ, MANAGE_URL, TOP_YN, SUB_PATH)VALUES( 6, '사이트정보', 2, 'Y', 'N', 5, '', '', NULL, '', 1, '', SYSDATE(), '', SYSDATE(),'' , NULL, 'N', '1', '', '1', '', '', '', '1', '/web/lay1/S1T1C6/sublink.do', '', '', '', 'N', '');
INSERT INTO MC_CMS_MENU(CMS_MENU_SEQ, TITLE, MENU_ORDER, USE_YN, BLANK_YN, MENU_TYPE, TARGET_URL, PROGRAM_NM, BOARD_SEQ, CONTS, SITE_ID, REG_NM, REG_DT, MOD_NM, MOD_DT, DEL_NM, DEL_DT, DEL_YN, CHILD_TYPE, HEAD_HTML, TEMPLATE_TYPE, REG_ID, MOD_ID, DEL_ID, PARENT_MENU_SEQ, MENU_URL, CUD_GROUP_SEQ, R_GROUP_SEQ, MANAGE_URL, TOP_YN, SUB_PATH)VALUES( 7, '사이트맵', 1, 'Y', 'N', 3, '/sitemap/intro.do', '사이트맵', NULL, '', 1, '', SYSDATE(), '', SYSDATE(),'' , NULL, 'N', '1', '', '1', '', '', '', '6', '/web/lay1/program/S1T6C7/sitemap/intro.do', '', '', '', '', '');

INSERT INTO MC_GROUP(GROUP_SEQ, GROUP_NM, PARENT_SEQ, USE_YN, REG_DT, MOD_DT, DEL_DT, DEL_YN, ORDER_SEQ, REG_NM, MOD_NM, DEL_NM, MOD_ID, DEL_ID, REG_ID)VALUES(	1, '슈퍼관리자', 0, 'Y', SYSDATE(), NULL, NULL, 'N', 1, '시스템관리자', '', '', '', '', '');
INSERT INTO MC_GROUP(GROUP_SEQ, GROUP_NM, PARENT_SEQ, USE_YN, REG_DT, MOD_DT, DEL_DT, DEL_YN, ORDER_SEQ, REG_NM, MOD_NM, DEL_NM, MOD_ID, DEL_ID, REG_ID)VALUES(	2, '일반관리자', 0, 'Y', SYSDATE(), NULL, NULL, 'N', 1, '시스템관리자', '', '', '', '', '');
INSERT INTO MC_GROUP(GROUP_SEQ, GROUP_NM, PARENT_SEQ, USE_YN, REG_DT, MOD_DT, DEL_DT, DEL_YN, ORDER_SEQ, REG_NM, MOD_NM, DEL_NM, MOD_ID, DEL_ID, REG_ID)VALUES(	3, '부서', 0, 'Y', SYSDATE(), NULL, NULL, 'N', 3, '시스템관리자', '', '', '', '', '');

INSERT INTO MC_USER_GROUP(GROUP_SEQ, GROUP_NM, PARENT_SEQ, USE_YN, REG_DT, MOD_DT, DEL_DT, DEL_YN, ORDER_SEQ, REG_NM, MOD_NM, DEL_NM, MOD_ID, DEL_ID, REG_ID)VALUES(	1, '일반회원', 0, 'Y', SYSDATE(), NULL, NULL, 'N', 3, '시스템관리자', '', '', '', '', '');

INSERT INTO MC_COMMON_CODE_GROUP(CODE_GROUP_SEQ, GROUP_NM, CONTS, REG_ID, REG_NM, REG_IP, REG_DT, MOD_ID, MOD_NM, MOD_IP, MOD_DT, DEL_ID, DEL_NM, DEL_IP, DEL_DT, DEL_YN)VALUES(	1, '전화지역번호', '전화지역번호', 'admin', '시스템관리자',	'127.0.0.1', SYSDATE(), '', '', '', NULL, '', '', '', NULL, 'N');
INSERT INTO MC_COMMON_CODE_GROUP(CODE_GROUP_SEQ, GROUP_NM, CONTS, REG_ID, REG_NM, REG_IP, REG_DT, MOD_ID, MOD_NM, MOD_IP, MOD_DT, DEL_ID, DEL_NM, DEL_IP, DEL_DT, DEL_YN)VALUES(	2, '휴대폰', '휴대폰', 'admin', '시스템관리자',	'127.0.0.1', SYSDATE(), '', '', '', NULL, '', '', '', NULL, 'N');
INSERT INTO MC_COMMON_CODE_GROUP(CODE_GROUP_SEQ, GROUP_NM, CONTS, REG_ID, REG_NM, REG_IP, REG_DT, MOD_ID, MOD_NM, MOD_IP, MOD_DT, DEL_ID, DEL_NM, DEL_IP, DEL_DT, DEL_YN)VALUES(	3, '이메일', '이메일', 'admin', '시스템관리자',	'127.0.0.1', SYSDATE(), '', '', '', NULL, '', '', '', NULL, 'N');

INSERT INTO MC_COMMON_CODE(CODE_SEQ, CODE_GROUP_SEQ, CODE, CODE_NM, VAL1, VAL2, ETC, USE_YN, ORDER_SEQ, REG_ID, REG_NM, REG_IP, REG_DT, MOD_ID, MOD_NM, MOD_IP, MOD_DT, DEL_ID, DEL_NM, DEL_IP, DEL_DT, DEL_YN)VALUES(1,'1','02','서울특별시','','','','Y','0','admin','시스템','192.168.1.43',SYSDATE(), '','','',NULL,'','','',NULL,'N');
INSERT INTO MC_COMMON_CODE(CODE_SEQ, CODE_GROUP_SEQ, CODE, CODE_NM, VAL1, VAL2, ETC, USE_YN, ORDER_SEQ, REG_ID, REG_NM, REG_IP, REG_DT, MOD_ID, MOD_NM, MOD_IP, MOD_DT, DEL_ID, DEL_NM, DEL_IP, DEL_DT, DEL_YN)VALUES(2,'1','031','경기도','','','','Y','1','admin','시스템','192.168.1.43',SYSDATE(), '','','',NULL,'','','',NULL,'N');
INSERT INTO MC_COMMON_CODE(CODE_SEQ, CODE_GROUP_SEQ, CODE, CODE_NM, VAL1, VAL2, ETC, USE_YN, ORDER_SEQ, REG_ID, REG_NM, REG_IP, REG_DT, MOD_ID, MOD_NM, MOD_IP, MOD_DT, DEL_ID, DEL_NM, DEL_IP, DEL_DT, DEL_YN)VALUES(3,'1','032','인천광역시','','','','Y','2','admin','시스템','192.168.1.43',SYSDATE(), '','','',NULL,'','','',NULL,'N');
INSERT INTO MC_COMMON_CODE(CODE_SEQ, CODE_GROUP_SEQ, CODE, CODE_NM, VAL1, VAL2, ETC, USE_YN, ORDER_SEQ, REG_ID, REG_NM, REG_IP, REG_DT, MOD_ID, MOD_NM, MOD_IP, MOD_DT, DEL_ID, DEL_NM, DEL_IP, DEL_DT, DEL_YN)VALUES(4,'1','033','강원도','','','','Y','3','admin','시스템','192.168.1.43',SYSDATE(), '','','',NULL,'','','',NULL,'N');
INSERT INTO MC_COMMON_CODE(CODE_SEQ, CODE_GROUP_SEQ, CODE, CODE_NM, VAL1, VAL2, ETC, USE_YN, ORDER_SEQ, REG_ID, REG_NM, REG_IP, REG_DT, MOD_ID, MOD_NM, MOD_IP, MOD_DT, DEL_ID, DEL_NM, DEL_IP, DEL_DT, DEL_YN)VALUES(5,'1','041','충청남도','','','','Y','4','admin','시스템','192.168.1.43',SYSDATE(), '','','',NULL,'','','',NULL,'N');
INSERT INTO MC_COMMON_CODE(CODE_SEQ, CODE_GROUP_SEQ, CODE, CODE_NM, VAL1, VAL2, ETC, USE_YN, ORDER_SEQ, REG_ID, REG_NM, REG_IP, REG_DT, MOD_ID, MOD_NM, MOD_IP, MOD_DT, DEL_ID, DEL_NM, DEL_IP, DEL_DT, DEL_YN)VALUES(6,'1','042','대전광역시','','','','Y','5','admin','시스템','192.168.1.43',SYSDATE(), '','','',NULL,'','','',NULL,'N');
INSERT INTO MC_COMMON_CODE(CODE_SEQ, CODE_GROUP_SEQ, CODE, CODE_NM, VAL1, VAL2, ETC, USE_YN, ORDER_SEQ, REG_ID, REG_NM, REG_IP, REG_DT, MOD_ID, MOD_NM, MOD_IP, MOD_DT, DEL_ID, DEL_NM, DEL_IP, DEL_DT, DEL_YN)VALUES(7,'1','043','충청북도','','','','Y','6','admin','시스템','192.168.1.43',SYSDATE(), '','','',NULL,'','','',NULL,'N');
INSERT INTO MC_COMMON_CODE(CODE_SEQ, CODE_GROUP_SEQ, CODE, CODE_NM, VAL1, VAL2, ETC, USE_YN, ORDER_SEQ, REG_ID, REG_NM, REG_IP, REG_DT, MOD_ID, MOD_NM, MOD_IP, MOD_DT, DEL_ID, DEL_NM, DEL_IP, DEL_DT, DEL_YN)VALUES(8,'1','044','세종특별자치시','','','','Y','7','admin','시스템','192.168.1.43',SYSDATE(), '','','',NULL,'','','',NULL,'N');
INSERT INTO MC_COMMON_CODE(CODE_SEQ, CODE_GROUP_SEQ, CODE, CODE_NM, VAL1, VAL2, ETC, USE_YN, ORDER_SEQ, REG_ID, REG_NM, REG_IP, REG_DT, MOD_ID, MOD_NM, MOD_IP, MOD_DT, DEL_ID, DEL_NM, DEL_IP, DEL_DT, DEL_YN)VALUES(9,'1','051','부산광역시','','','','Y','8','admin','시스템','192.168.1.43',SYSDATE(), '','','',NULL,'','','',NULL,'N');
INSERT INTO MC_COMMON_CODE(CODE_SEQ, CODE_GROUP_SEQ, CODE, CODE_NM, VAL1, VAL2, ETC, USE_YN, ORDER_SEQ, REG_ID, REG_NM, REG_IP, REG_DT, MOD_ID, MOD_NM, MOD_IP, MOD_DT, DEL_ID, DEL_NM, DEL_IP, DEL_DT, DEL_YN)VALUES(10,'1','052','울산광역시','','','','Y','9','admin','시스템','192.168.1.43',SYSDATE(), '','','',NULL,'','','',NULL,'N');
INSERT INTO MC_COMMON_CODE(CODE_SEQ, CODE_GROUP_SEQ, CODE, CODE_NM, VAL1, VAL2, ETC, USE_YN, ORDER_SEQ, REG_ID, REG_NM, REG_IP, REG_DT, MOD_ID, MOD_NM, MOD_IP, MOD_DT, DEL_ID, DEL_NM, DEL_IP, DEL_DT, DEL_YN)VALUES(11,'1','053','대구광역시','','','','Y','10','admin','시스템','192.168.1.43',SYSDATE(), '','','',NULL,'','','',NULL,'N');
INSERT INTO MC_COMMON_CODE(CODE_SEQ, CODE_GROUP_SEQ, CODE, CODE_NM, VAL1, VAL2, ETC, USE_YN, ORDER_SEQ, REG_ID, REG_NM, REG_IP, REG_DT, MOD_ID, MOD_NM, MOD_IP, MOD_DT, DEL_ID, DEL_NM, DEL_IP, DEL_DT, DEL_YN)VALUES(12,'1','054','경상북도','','','','Y','11','admin','시스템','192.168.1.43',SYSDATE(), '','','',NULL,'','','',NULL,'N');
INSERT INTO MC_COMMON_CODE(CODE_SEQ, CODE_GROUP_SEQ, CODE, CODE_NM, VAL1, VAL2, ETC, USE_YN, ORDER_SEQ, REG_ID, REG_NM, REG_IP, REG_DT, MOD_ID, MOD_NM, MOD_IP, MOD_DT, DEL_ID, DEL_NM, DEL_IP, DEL_DT, DEL_YN)VALUES(13,'1','055','경상남도','','','','Y','12','admin','시스템','192.168.1.43',SYSDATE(), '','','',NULL,'','','',NULL,'N');
INSERT INTO MC_COMMON_CODE(CODE_SEQ, CODE_GROUP_SEQ, CODE, CODE_NM, VAL1, VAL2, ETC, USE_YN, ORDER_SEQ, REG_ID, REG_NM, REG_IP, REG_DT, MOD_ID, MOD_NM, MOD_IP, MOD_DT, DEL_ID, DEL_NM, DEL_IP, DEL_DT, DEL_YN)VALUES(14,'1','061','전라남도','','','','Y','13','admin','시스템','192.168.1.43',SYSDATE(), '','','',NULL,'','','',NULL,'N');
INSERT INTO MC_COMMON_CODE(CODE_SEQ, CODE_GROUP_SEQ, CODE, CODE_NM, VAL1, VAL2, ETC, USE_YN, ORDER_SEQ, REG_ID, REG_NM, REG_IP, REG_DT, MOD_ID, MOD_NM, MOD_IP, MOD_DT, DEL_ID, DEL_NM, DEL_IP, DEL_DT, DEL_YN)VALUES(15,'1','062','광주광역시','','','','Y','14','admin','시스템','192.168.1.43',SYSDATE(), '','','',NULL,'','','',NULL,'N');
INSERT INTO MC_COMMON_CODE(CODE_SEQ, CODE_GROUP_SEQ, CODE, CODE_NM, VAL1, VAL2, ETC, USE_YN, ORDER_SEQ, REG_ID, REG_NM, REG_IP, REG_DT, MOD_ID, MOD_NM, MOD_IP, MOD_DT, DEL_ID, DEL_NM, DEL_IP, DEL_DT, DEL_YN)VALUES(16,'1','063','전라북도','','','','Y','15','admin','시스템','192.168.1.43',SYSDATE(), '','','',NULL,'','','',NULL,'N');
INSERT INTO MC_COMMON_CODE(CODE_SEQ, CODE_GROUP_SEQ, CODE, CODE_NM, VAL1, VAL2, ETC, USE_YN, ORDER_SEQ, REG_ID, REG_NM, REG_IP, REG_DT, MOD_ID, MOD_NM, MOD_IP, MOD_DT, DEL_ID, DEL_NM, DEL_IP, DEL_DT, DEL_YN)VALUES(17,'1','064','제주특별자치도','','','','Y','16','admin','시스템','192.168.1.43',SYSDATE(), '','','',NULL,'','','',NULL,'N');
INSERT INTO MC_COMMON_CODE(CODE_SEQ, CODE_GROUP_SEQ, CODE, CODE_NM, VAL1, VAL2, ETC, USE_YN, ORDER_SEQ, REG_ID, REG_NM, REG_IP, REG_DT, MOD_ID, MOD_NM, MOD_IP, MOD_DT, DEL_ID, DEL_NM, DEL_IP, DEL_DT, DEL_YN)VALUES(18,'1','070','070','','','','Y','17','admin','시스템','192.168.1.43',SYSDATE(), '','','',NULL,'','','',NULL,'N');
INSERT INTO MC_COMMON_CODE(CODE_SEQ, CODE_GROUP_SEQ, CODE, CODE_NM, VAL1, VAL2, ETC, USE_YN, ORDER_SEQ, REG_ID, REG_NM, REG_IP, REG_DT, MOD_ID, MOD_NM, MOD_IP, MOD_DT, DEL_ID, DEL_NM, DEL_IP, DEL_DT, DEL_YN)VALUES(19,'1','010','010','','','','Y','18','admin','시스템','192.168.1.43',SYSDATE(), '','','',NULL,'','','',NULL,'N');
INSERT INTO MC_COMMON_CODE(CODE_SEQ, CODE_GROUP_SEQ, CODE, CODE_NM, VAL1, VAL2, ETC, USE_YN, ORDER_SEQ, REG_ID, REG_NM, REG_IP, REG_DT, MOD_ID, MOD_NM, MOD_IP, MOD_DT, DEL_ID, DEL_NM, DEL_IP, DEL_DT, DEL_YN)VALUES(20,'1','011','011','','','','Y','19','admin','시스템','192.168.1.43',SYSDATE(), '','','',NULL,'','','',NULL,'N');
INSERT INTO MC_COMMON_CODE(CODE_SEQ, CODE_GROUP_SEQ, CODE, CODE_NM, VAL1, VAL2, ETC, USE_YN, ORDER_SEQ, REG_ID, REG_NM, REG_IP, REG_DT, MOD_ID, MOD_NM, MOD_IP, MOD_DT, DEL_ID, DEL_NM, DEL_IP, DEL_DT, DEL_YN)VALUES(21,'1','016','016','','','','Y','20','admin','시스템','192.168.1.43',SYSDATE(), '','','',NULL,'','','',NULL,'N');
INSERT INTO MC_COMMON_CODE(CODE_SEQ, CODE_GROUP_SEQ, CODE, CODE_NM, VAL1, VAL2, ETC, USE_YN, ORDER_SEQ, REG_ID, REG_NM, REG_IP, REG_DT, MOD_ID, MOD_NM, MOD_IP, MOD_DT, DEL_ID, DEL_NM, DEL_IP, DEL_DT, DEL_YN)VALUES(22,'1','017','017','','','','Y','21','admin','시스템','192.168.1.43',SYSDATE(), '','','',NULL,'','','',NULL,'N');
INSERT INTO MC_COMMON_CODE(CODE_SEQ, CODE_GROUP_SEQ, CODE, CODE_NM, VAL1, VAL2, ETC, USE_YN, ORDER_SEQ, REG_ID, REG_NM, REG_IP, REG_DT, MOD_ID, MOD_NM, MOD_IP, MOD_DT, DEL_ID, DEL_NM, DEL_IP, DEL_DT, DEL_YN)VALUES(23,'1','018','018','','','','Y','22','admin','시스템','192.168.1.43',SYSDATE(), '','','',NULL,'','','',NULL,'N');
INSERT INTO MC_COMMON_CODE(CODE_SEQ, CODE_GROUP_SEQ, CODE, CODE_NM, VAL1, VAL2, ETC, USE_YN, ORDER_SEQ, REG_ID, REG_NM, REG_IP, REG_DT, MOD_ID, MOD_NM, MOD_IP, MOD_DT, DEL_ID, DEL_NM, DEL_IP, DEL_DT, DEL_YN)VALUES(24,'1','019','019','','','','Y','23','admin','시스템','192.168.1.43',SYSDATE(), '','','',NULL,'','','',NULL,'N');
INSERT INTO MC_COMMON_CODE(CODE_SEQ, CODE_GROUP_SEQ, CODE, CODE_NM, VAL1, VAL2, ETC, USE_YN, ORDER_SEQ, REG_ID, REG_NM, REG_IP, REG_DT, MOD_ID, MOD_NM, MOD_IP, MOD_DT, DEL_ID, DEL_NM, DEL_IP, DEL_DT, DEL_YN)VALUES(25,'1','080','080','','','','Y','24','admin','시스템','192.168.1.43',SYSDATE(), '','','',NULL,'','','',NULL,'N');

INSERT INTO MC_COMMON_CODE(CODE_SEQ, CODE_GROUP_SEQ, CODE, CODE_NM, VAL1, VAL2, ETC, USE_YN, ORDER_SEQ, REG_ID, REG_NM, REG_IP, REG_DT, MOD_ID, MOD_NM, MOD_IP, MOD_DT, DEL_ID, DEL_NM, DEL_IP, DEL_DT, DEL_YN)VALUES(26,'2','010','010','','','','Y','0','admin','시스템','192.168.1.43',SYSDATE(), '','','',NULL,'','','',NULL,'N');
INSERT INTO MC_COMMON_CODE(CODE_SEQ, CODE_GROUP_SEQ, CODE, CODE_NM, VAL1, VAL2, ETC, USE_YN, ORDER_SEQ, REG_ID, REG_NM, REG_IP, REG_DT, MOD_ID, MOD_NM, MOD_IP, MOD_DT, DEL_ID, DEL_NM, DEL_IP, DEL_DT, DEL_YN)VALUES(27,'2','011','011','','','','Y','1','admin','시스템','192.168.1.43',SYSDATE(), '','','',NULL,'','','',NULL,'N');
INSERT INTO MC_COMMON_CODE(CODE_SEQ, CODE_GROUP_SEQ, CODE, CODE_NM, VAL1, VAL2, ETC, USE_YN, ORDER_SEQ, REG_ID, REG_NM, REG_IP, REG_DT, MOD_ID, MOD_NM, MOD_IP, MOD_DT, DEL_ID, DEL_NM, DEL_IP, DEL_DT, DEL_YN)VALUES(28,'2','016','016','','','','Y','2','admin','시스템','192.168.1.43',SYSDATE(), '','','',NULL,'','','',NULL,'N');
INSERT INTO MC_COMMON_CODE(CODE_SEQ, CODE_GROUP_SEQ, CODE, CODE_NM, VAL1, VAL2, ETC, USE_YN, ORDER_SEQ, REG_ID, REG_NM, REG_IP, REG_DT, MOD_ID, MOD_NM, MOD_IP, MOD_DT, DEL_ID, DEL_NM, DEL_IP, DEL_DT, DEL_YN)VALUES(29,'2','017','017','','','','Y','3','admin','시스템','192.168.1.43',SYSDATE(), '','','',NULL,'','','',NULL,'N');
INSERT INTO MC_COMMON_CODE(CODE_SEQ, CODE_GROUP_SEQ, CODE, CODE_NM, VAL1, VAL2, ETC, USE_YN, ORDER_SEQ, REG_ID, REG_NM, REG_IP, REG_DT, MOD_ID, MOD_NM, MOD_IP, MOD_DT, DEL_ID, DEL_NM, DEL_IP, DEL_DT, DEL_YN)VALUES(30,'2','018','018','','','','Y','4','admin','시스템','192.168.1.43',SYSDATE(), '','','',NULL,'','','',NULL,'N');
INSERT INTO MC_COMMON_CODE(CODE_SEQ, CODE_GROUP_SEQ, CODE, CODE_NM, VAL1, VAL2, ETC, USE_YN, ORDER_SEQ, REG_ID, REG_NM, REG_IP, REG_DT, MOD_ID, MOD_NM, MOD_IP, MOD_DT, DEL_ID, DEL_NM, DEL_IP, DEL_DT, DEL_YN)VALUES(31,'2','019','019','','','','Y','5','admin','시스템','192.168.1.43',SYSDATE(), '','','',NULL,'','','',NULL,'N');

INSERT INTO MC_COMMON_CODE(CODE_SEQ, CODE_GROUP_SEQ, CODE, CODE_NM, VAL1, VAL2, ETC, USE_YN, ORDER_SEQ, REG_ID, REG_NM, REG_IP, REG_DT, MOD_ID, MOD_NM, MOD_IP, MOD_DT, DEL_ID, DEL_NM, DEL_IP, DEL_DT, DEL_YN)VALUES(40,'3','yahoo.co.kr','yahoo.co.kr','야후','','','Y','8','admin','시스템','192.168.1.43',SYSDATE(),'admin','시스템','',NULL,'','','',NULL,'N');
INSERT INTO MC_COMMON_CODE(CODE_SEQ, CODE_GROUP_SEQ, CODE, CODE_NM, VAL1, VAL2, ETC, USE_YN, ORDER_SEQ, REG_ID, REG_NM, REG_IP, REG_DT, MOD_ID, MOD_NM, MOD_IP, MOD_DT, DEL_ID, DEL_NM, DEL_IP, DEL_DT, DEL_YN)VALUES(39,'3','hotmail.com','hotmail.com','핫메일','','','Y','7','admin','시스템','192.168.1.43',SYSDATE(),'admin','시스템','',NULL,'','','',NULL,'N');
INSERT INTO MC_COMMON_CODE(CODE_SEQ, CODE_GROUP_SEQ, CODE, CODE_NM, VAL1, VAL2, ETC, USE_YN, ORDER_SEQ, REG_ID, REG_NM, REG_IP, REG_DT, MOD_ID, MOD_NM, MOD_IP, MOD_DT, DEL_ID, DEL_NM, DEL_IP, DEL_DT, DEL_YN)VALUES(32,'3','hanmail.net','hanmail.net','한메일','','','Y','0','admin','시스템','192.168.1.43',SYSDATE(),'admin','시스템','',NULL,'','','',NULL,'N');
INSERT INTO MC_COMMON_CODE(CODE_SEQ, CODE_GROUP_SEQ, CODE, CODE_NM, VAL1, VAL2, ETC, USE_YN, ORDER_SEQ, REG_ID, REG_NM, REG_IP, REG_DT, MOD_ID, MOD_NM, MOD_IP, MOD_DT, DEL_ID, DEL_NM, DEL_IP, DEL_DT, DEL_YN)VALUES(33,'3','naver.com','naver.com','네이버','','','Y','1','admin','시스템','192.168.1.43',SYSDATE(),'admin','시스템','',NULL,'','','',NULL,'N');
INSERT INTO MC_COMMON_CODE(CODE_SEQ, CODE_GROUP_SEQ, CODE, CODE_NM, VAL1, VAL2, ETC, USE_YN, ORDER_SEQ, REG_ID, REG_NM, REG_IP, REG_DT, MOD_ID, MOD_NM, MOD_IP, MOD_DT, DEL_ID, DEL_NM, DEL_IP, DEL_DT, DEL_YN)VALUES(34,'3','daum.net','daum.net','다음','','','Y','2','admin','시스템','192.168.1.43',SYSDATE(),'admin','시스템','',NULL,'','','',NULL,'N');
INSERT INTO MC_COMMON_CODE(CODE_SEQ, CODE_GROUP_SEQ, CODE, CODE_NM, VAL1, VAL2, ETC, USE_YN, ORDER_SEQ, REG_ID, REG_NM, REG_IP, REG_DT, MOD_ID, MOD_NM, MOD_IP, MOD_DT, DEL_ID, DEL_NM, DEL_IP, DEL_DT, DEL_YN)VALUES(35,'3','nate.com','nate.com','네이트','','','Y','3','admin','시스템','192.168.1.43',SYSDATE(),'admin','시스템','',NULL,'','','',NULL,'N');
INSERT INTO MC_COMMON_CODE(CODE_SEQ, CODE_GROUP_SEQ, CODE, CODE_NM, VAL1, VAL2, ETC, USE_YN, ORDER_SEQ, REG_ID, REG_NM, REG_IP, REG_DT, MOD_ID, MOD_NM, MOD_IP, MOD_DT, DEL_ID, DEL_NM, DEL_IP, DEL_DT, DEL_YN)VALUES(36,'3','gmail.com','gmail.com','지메일','','','Y','4','admin','시스템','192.168.1.43',SYSDATE(),'admin','시스템','',NULL,'','','',NULL,'N');
INSERT INTO MC_COMMON_CODE(CODE_SEQ, CODE_GROUP_SEQ, CODE, CODE_NM, VAL1, VAL2, ETC, USE_YN, ORDER_SEQ, REG_ID, REG_NM, REG_IP, REG_DT, MOD_ID, MOD_NM, MOD_IP, MOD_DT, DEL_ID, DEL_NM, DEL_IP, DEL_DT, DEL_YN)VALUES(37,'3','korea.com','korea.com','코리아','','','Y','5','admin','시스템','192.168.1.43',SYSDATE(),'admin','시스템','',NULL,'','','',NULL,'N');
INSERT INTO MC_COMMON_CODE(CODE_SEQ, CODE_GROUP_SEQ, CODE, CODE_NM, VAL1, VAL2, ETC, USE_YN, ORDER_SEQ, REG_ID, REG_NM, REG_IP, REG_DT, MOD_ID, MOD_NM, MOD_IP, MOD_DT, DEL_ID, DEL_NM, DEL_IP, DEL_DT, DEL_YN)VALUES(38,'3','dreamwiz.com','dreamwiz.com','드림위즈','','','Y','6','admin','시스템','192.168.1.43',SYSDATE(),'admin','시스템','',NULL,'','','',NULL,'N');

INSERT INTO MC_MEMBER(MEMBER_ID, MEMBER_PW, MEMBER_NM, EMAIL, TEL, CELL, GROUP_SEQ, LAST_LOGIN, RESPONSIBILITIES, MOD_ID, MOD_NM, MOD_DT, DEL_ID, DEL_NM, DEL_DT, USE_YN, DEL_YN)VALUES('admin','SP9lIXwH6ELvz31s9PjsubPhy2YPV8CZs70HivsWTvY=','시스템','','','','1',NULL,'','admin','시스템',NULL,'','',NULL,'Y','N');

INSERT INTO MC_PROGRAMS(SEQ, PROGRAM_NM, URL, REG_ID, REG_NM, REG_DT, DEL_YN) VALUES(1, '로그인', '/member/login.do', 'admin', '시스템', SYSDATE(), 'N');
INSERT INTO MC_PROGRAMS(SEQ, PROGRAM_NM, URL, REG_ID, REG_NM, REG_DT, DEL_YN) VALUES(2, '회원가입', '/member/join.do', 'admin', '시스템', SYSDATE(), 'N');
INSERT INTO MC_PROGRAMS(SEQ, PROGRAM_NM, URL, REG_ID, REG_NM, REG_DT, DEL_YN) VALUES(3, '정보변경', '/member/modify.do', 'admin', '시스템', SYSDATE(), 'N');
INSERT INTO MC_PROGRAMS(SEQ, PROGRAM_NM, URL, REG_ID, REG_NM, REG_DT, DEL_YN) VALUES(4, '회원탈퇴', '/member/leave.do', 'admin', '시스템', SYSDATE(), 'N');
INSERT INTO MC_PROGRAMS(SEQ, PROGRAM_NM, URL, MANAGE_URL, REG_ID, REG_NM, REG_DT, DEL_YN) VALUES(5, '통합검색', '/total/search.do', '/super/homepage/gathering/index.do', 'admin', '시스템', SYSDATE(), 'N');
INSERT INTO MC_PROGRAMS(SEQ, PROGRAM_NM, URL, MANAGE_URL, REG_ID, REG_NM, REG_DT, DEL_YN) VALUES(6, '설문조사', '/poll/list.do', '/super/homepage/poll/index.do', 'admin', '시스템', SYSDATE(), 'N');
INSERT INTO MC_PROGRAMS(SEQ, PROGRAM_NM, URL, MANAGE_URL, REG_ID, REG_NM, REG_DT, DEL_YN) VALUES(7, '조직도', '/staff/org_chart/list.do', '', 'admin', '시스템', SYSDATE(), 'N');
INSERT INTO MC_PROGRAMS(SEQ, PROGRAM_NM, URL, MANAGE_URL, REG_ID, REG_NM, REG_DT, DEL_YN) VALUES(8, '직원찾기', '/staff/search/list.do', '', 'admin', '시스템', SYSDATE(), 'N');
INSERT INTO MC_PROGRAMS(SEQ, PROGRAM_NM, URL, MANAGE_URL, REG_ID, REG_NM, REG_DT, DEL_YN) VALUES(9, '이력이남는_페이지', '/phistory/intro.do', '/super/homepage/phistory/index.do', 'admin', '시스템', SYSDATE(), 'N');

INSERT INTO MC_COMMENT_SNS_ACCOUNT(SEQ)VALUES(1);

INSERT INTO MC_HOLIDAY (HOLIDAY_SEQ,HOLIDAY,TITLE) VALUES (517,DATE_FORMAT('14/06/04','%Y/%m/%d'),'지방선거');
INSERT INTO MC_HOLIDAY (HOLIDAY_SEQ,HOLIDAY,TITLE) VALUES (319,DATE_FORMAT('32/02/12','%Y/%m/%d'),'설날');
INSERT INTO MC_HOLIDAY (HOLIDAY_SEQ,HOLIDAY,TITLE) VALUES (320,DATE_FORMAT('33/01/30','%Y/%m/%d'),'설날');
INSERT INTO MC_HOLIDAY (HOLIDAY_SEQ,HOLIDAY,TITLE) VALUES (321,DATE_FORMAT('33/01/31','%Y/%m/%d'),'설날');
INSERT INTO MC_HOLIDAY (HOLIDAY_SEQ,HOLIDAY,TITLE) VALUES (5,DATE_FORMAT('14/06/06','%Y/%m/%d'),'현충일');
INSERT INTO MC_HOLIDAY (HOLIDAY_SEQ,HOLIDAY,TITLE) VALUES (6,DATE_FORMAT('15/06/06','%Y/%m/%d'),'현충일');
INSERT INTO MC_HOLIDAY (HOLIDAY_SEQ,HOLIDAY,TITLE) VALUES (7,DATE_FORMAT('16/06/06','%Y/%m/%d'),'현충일');
INSERT INTO MC_HOLIDAY (HOLIDAY_SEQ,HOLIDAY,TITLE) VALUES (8,DATE_FORMAT('17/06/06','%Y/%m/%d'),'현충일');
INSERT INTO MC_HOLIDAY (HOLIDAY_SEQ,HOLIDAY,TITLE) VALUES (9,DATE_FORMAT('18/06/06','%Y/%m/%d'),'현충일');
INSERT INTO MC_HOLIDAY (HOLIDAY_SEQ,HOLIDAY,TITLE) VALUES (10,DATE_FORMAT('19/06/06','%Y/%m/%d'),'현충일');
INSERT INTO MC_HOLIDAY (HOLIDAY_SEQ,HOLIDAY,TITLE) VALUES (11,DATE_FORMAT('20/06/06','%Y/%m/%d'),'현충일');
INSERT INTO MC_HOLIDAY (HOLIDAY_SEQ,HOLIDAY,TITLE) VALUES (12,DATE_FORMAT('21/06/06','%Y/%m/%d'),'현충일');
INSERT INTO MC_HOLIDAY (HOLIDAY_SEQ,HOLIDAY,TITLE) VALUES (13,DATE_FORMAT('22/06/06','%Y/%m/%d'),'현충일');
INSERT INTO MC_HOLIDAY (HOLIDAY_SEQ,HOLIDAY,TITLE) VALUES (14,DATE_FORMAT('23/06/06','%Y/%m/%d'),'현충일');
INSERT INTO MC_HOLIDAY (HOLIDAY_SEQ,HOLIDAY,TITLE) VALUES (15,DATE_FORMAT('24/06/06','%Y/%m/%d'),'현충일');
INSERT INTO MC_HOLIDAY (HOLIDAY_SEQ,HOLIDAY,TITLE) VALUES (16,DATE_FORMAT('25/06/06','%Y/%m/%d'),'현충일');
INSERT INTO MC_HOLIDAY (HOLIDAY_SEQ,HOLIDAY,TITLE) VALUES (17,DATE_FORMAT('26/06/06','%Y/%m/%d'),'현충일');
INSERT INTO MC_HOLIDAY (HOLIDAY_SEQ,HOLIDAY,TITLE) VALUES (18,DATE_FORMAT('27/06/06','%Y/%m/%d'),'현충일');
INSERT INTO MC_HOLIDAY (HOLIDAY_SEQ,HOLIDAY,TITLE) VALUES (19,DATE_FORMAT('28/06/06','%Y/%m/%d'),'현충일');
INSERT INTO MC_HOLIDAY (HOLIDAY_SEQ,HOLIDAY,TITLE) VALUES (20,DATE_FORMAT('29/06/06','%Y/%m/%d'),'현충일');
INSERT INTO MC_HOLIDAY (HOLIDAY_SEQ,HOLIDAY,TITLE) VALUES (21,DATE_FORMAT('30/06/06','%Y/%m/%d'),'현충일');
INSERT INTO MC_HOLIDAY (HOLIDAY_SEQ,HOLIDAY,TITLE) VALUES (22,DATE_FORMAT('31/06/06','%Y/%m/%d'),'현충일');
INSERT INTO MC_HOLIDAY (HOLIDAY_SEQ,HOLIDAY,TITLE) VALUES (23,DATE_FORMAT('32/06/06','%Y/%m/%d'),'현충일');
INSERT INTO MC_HOLIDAY (HOLIDAY_SEQ,HOLIDAY,TITLE) VALUES (24,DATE_FORMAT('33/06/06','%Y/%m/%d'),'현충일');
INSERT INTO MC_HOLIDAY (HOLIDAY_SEQ,HOLIDAY,TITLE) VALUES (25,DATE_FORMAT('34/06/06','%Y/%m/%d'),'현충일');
INSERT INTO MC_HOLIDAY (HOLIDAY_SEQ,HOLIDAY,TITLE) VALUES (26,DATE_FORMAT('35/06/06','%Y/%m/%d'),'현충일');
INSERT INTO MC_HOLIDAY (HOLIDAY_SEQ,HOLIDAY,TITLE) VALUES (27,DATE_FORMAT('36/06/06','%Y/%m/%d'),'현충일');
INSERT INTO MC_HOLIDAY (HOLIDAY_SEQ,HOLIDAY,TITLE) VALUES (28,DATE_FORMAT('37/06/06','%Y/%m/%d'),'현충일');
INSERT INTO MC_HOLIDAY (HOLIDAY_SEQ,HOLIDAY,TITLE) VALUES (29,DATE_FORMAT('38/06/06','%Y/%m/%d'),'현충일');
INSERT INTO MC_HOLIDAY (HOLIDAY_SEQ,HOLIDAY,TITLE) VALUES (30,DATE_FORMAT('39/06/06','%Y/%m/%d'),'현충일');
INSERT INTO MC_HOLIDAY (HOLIDAY_SEQ,HOLIDAY,TITLE) VALUES (31,DATE_FORMAT('40/06/06','%Y/%m/%d'),'현충일');
INSERT INTO MC_HOLIDAY (HOLIDAY_SEQ,HOLIDAY,TITLE) VALUES (32,DATE_FORMAT('41/06/06','%Y/%m/%d'),'현충일');
INSERT INTO MC_HOLIDAY (HOLIDAY_SEQ,HOLIDAY,TITLE) VALUES (33,DATE_FORMAT('42/06/06','%Y/%m/%d'),'현충일');
INSERT INTO MC_HOLIDAY (HOLIDAY_SEQ,HOLIDAY,TITLE) VALUES (34,DATE_FORMAT('43/06/06','%Y/%m/%d'),'현충일');
INSERT INTO MC_HOLIDAY (HOLIDAY_SEQ,HOLIDAY,TITLE) VALUES (35,DATE_FORMAT('44/06/06','%Y/%m/%d'),'현충일');
INSERT INTO MC_HOLIDAY (HOLIDAY_SEQ,HOLIDAY,TITLE) VALUES (36,DATE_FORMAT('45/06/06','%Y/%m/%d'),'현충일');
INSERT INTO MC_HOLIDAY (HOLIDAY_SEQ,HOLIDAY,TITLE) VALUES (37,DATE_FORMAT('46/06/06','%Y/%m/%d'),'현충일');
INSERT INTO MC_HOLIDAY (HOLIDAY_SEQ,HOLIDAY,TITLE) VALUES (38,DATE_FORMAT('47/06/06','%Y/%m/%d'),'현충일');
INSERT INTO MC_HOLIDAY (HOLIDAY_SEQ,HOLIDAY,TITLE) VALUES (39,DATE_FORMAT('48/06/06','%Y/%m/%d'),'현충일');
INSERT INTO MC_HOLIDAY (HOLIDAY_SEQ,HOLIDAY,TITLE) VALUES (40,DATE_FORMAT('49/06/06','%Y/%m/%d'),'현충일');
INSERT INTO MC_HOLIDAY (HOLIDAY_SEQ,HOLIDAY,TITLE) VALUES (41,DATE_FORMAT('50/06/06','%Y/%m/%d'),'현충일');
INSERT INTO MC_HOLIDAY (HOLIDAY_SEQ,HOLIDAY,TITLE) VALUES (42,DATE_FORMAT('17/10/03','%Y/%m/%d'),'추석<BR>개천절');
INSERT INTO MC_HOLIDAY (HOLIDAY_SEQ,HOLIDAY,TITLE) VALUES (43,DATE_FORMAT('28/10/03','%Y/%m/%d'),'추석<BR>개천절');
INSERT INTO MC_HOLIDAY (HOLIDAY_SEQ,HOLIDAY,TITLE) VALUES (44,DATE_FORMAT('36/10/03','%Y/%m/%d'),'추석<BR>개천절');
INSERT INTO MC_HOLIDAY (HOLIDAY_SEQ,HOLIDAY,TITLE) VALUES (45,DATE_FORMAT('39/10/03','%Y/%m/%d'),'추석<BR>개천절');
INSERT INTO MC_HOLIDAY (HOLIDAY_SEQ,HOLIDAY,TITLE) VALUES (46,DATE_FORMAT('14/09/07','%Y/%m/%d'),'추석');
INSERT INTO MC_HOLIDAY (HOLIDAY_SEQ,HOLIDAY,TITLE) VALUES (47,DATE_FORMAT('14/09/08','%Y/%m/%d'),'추석');
INSERT INTO MC_HOLIDAY (HOLIDAY_SEQ,HOLIDAY,TITLE) VALUES (48,DATE_FORMAT('14/09/09','%Y/%m/%d'),'추석');
INSERT INTO MC_HOLIDAY (HOLIDAY_SEQ,HOLIDAY,TITLE) VALUES (49,DATE_FORMAT('15/09/26','%Y/%m/%d'),'추석');
INSERT INTO MC_HOLIDAY (HOLIDAY_SEQ,HOLIDAY,TITLE) VALUES (50,DATE_FORMAT('15/09/27','%Y/%m/%d'),'추석');
INSERT INTO MC_HOLIDAY (HOLIDAY_SEQ,HOLIDAY,TITLE) VALUES (51,DATE_FORMAT('15/09/28','%Y/%m/%d'),'추석');
INSERT INTO MC_HOLIDAY (HOLIDAY_SEQ,HOLIDAY,TITLE) VALUES (52,DATE_FORMAT('16/09/14','%Y/%m/%d'),'추석');
INSERT INTO MC_HOLIDAY (HOLIDAY_SEQ,HOLIDAY,TITLE) VALUES (53,DATE_FORMAT('16/09/15','%Y/%m/%d'),'추석');
INSERT INTO MC_HOLIDAY (HOLIDAY_SEQ,HOLIDAY,TITLE) VALUES (54,DATE_FORMAT('16/09/16','%Y/%m/%d'),'추석');
INSERT INTO MC_HOLIDAY (HOLIDAY_SEQ,HOLIDAY,TITLE) VALUES (55,DATE_FORMAT('17/10/04','%Y/%m/%d'),'추석');
INSERT INTO MC_HOLIDAY (HOLIDAY_SEQ,HOLIDAY,TITLE) VALUES (56,DATE_FORMAT('17/10/05','%Y/%m/%d'),'추석');
INSERT INTO MC_HOLIDAY (HOLIDAY_SEQ,HOLIDAY,TITLE) VALUES (57,DATE_FORMAT('18/09/23','%Y/%m/%d'),'추석');
INSERT INTO MC_HOLIDAY (HOLIDAY_SEQ,HOLIDAY,TITLE) VALUES (58,DATE_FORMAT('18/09/24','%Y/%m/%d'),'추석');
INSERT INTO MC_HOLIDAY (HOLIDAY_SEQ,HOLIDAY,TITLE) VALUES (59,DATE_FORMAT('18/09/25','%Y/%m/%d'),'추석');
INSERT INTO MC_HOLIDAY (HOLIDAY_SEQ,HOLIDAY,TITLE) VALUES (60,DATE_FORMAT('19/09/12','%Y/%m/%d'),'추석');
INSERT INTO MC_HOLIDAY (HOLIDAY_SEQ,HOLIDAY,TITLE) VALUES (61,DATE_FORMAT('19/09/13','%Y/%m/%d'),'추석');
INSERT INTO MC_HOLIDAY (HOLIDAY_SEQ,HOLIDAY,TITLE) VALUES (62,DATE_FORMAT('19/09/14','%Y/%m/%d'),'추석');
INSERT INTO MC_HOLIDAY (HOLIDAY_SEQ,HOLIDAY,TITLE) VALUES (63,DATE_FORMAT('20/09/30','%Y/%m/%d'),'추석');
INSERT INTO MC_HOLIDAY (HOLIDAY_SEQ,HOLIDAY,TITLE) VALUES (64,DATE_FORMAT('20/10/01','%Y/%m/%d'),'추석');
INSERT INTO MC_HOLIDAY (HOLIDAY_SEQ,HOLIDAY,TITLE) VALUES (65,DATE_FORMAT('20/10/02','%Y/%m/%d'),'추석');
INSERT INTO MC_HOLIDAY (HOLIDAY_SEQ,HOLIDAY,TITLE) VALUES (66,DATE_FORMAT('21/09/20','%Y/%m/%d'),'추석');
INSERT INTO MC_HOLIDAY (HOLIDAY_SEQ,HOLIDAY,TITLE) VALUES (67,DATE_FORMAT('21/09/21','%Y/%m/%d'),'추석');
INSERT INTO MC_HOLIDAY (HOLIDAY_SEQ,HOLIDAY,TITLE) VALUES (68,DATE_FORMAT('21/09/22','%Y/%m/%d'),'추석');
INSERT INTO MC_HOLIDAY (HOLIDAY_SEQ,HOLIDAY,TITLE) VALUES (69,DATE_FORMAT('22/09/09','%Y/%m/%d'),'추석');
INSERT INTO MC_HOLIDAY (HOLIDAY_SEQ,HOLIDAY,TITLE) VALUES (70,DATE_FORMAT('22/09/10','%Y/%m/%d'),'추석');
INSERT INTO MC_HOLIDAY (HOLIDAY_SEQ,HOLIDAY,TITLE) VALUES (71,DATE_FORMAT('22/09/11','%Y/%m/%d'),'추석');
INSERT INTO MC_HOLIDAY (HOLIDAY_SEQ,HOLIDAY,TITLE) VALUES (72,DATE_FORMAT('23/09/28','%Y/%m/%d'),'추석');
INSERT INTO MC_HOLIDAY (HOLIDAY_SEQ,HOLIDAY,TITLE) VALUES (73,DATE_FORMAT('23/09/29','%Y/%m/%d'),'추석');
INSERT INTO MC_HOLIDAY (HOLIDAY_SEQ,HOLIDAY,TITLE) VALUES (74,DATE_FORMAT('23/09/30','%Y/%m/%d'),'추석');
INSERT INTO MC_HOLIDAY (HOLIDAY_SEQ,HOLIDAY,TITLE) VALUES (75,DATE_FORMAT('24/09/16','%Y/%m/%d'),'추석');
INSERT INTO MC_HOLIDAY (HOLIDAY_SEQ,HOLIDAY,TITLE) VALUES (76,DATE_FORMAT('24/09/17','%Y/%m/%d'),'추석');
INSERT INTO MC_HOLIDAY (HOLIDAY_SEQ,HOLIDAY,TITLE) VALUES (77,DATE_FORMAT('24/09/18','%Y/%m/%d'),'추석');
INSERT INTO MC_HOLIDAY (HOLIDAY_SEQ,HOLIDAY,TITLE) VALUES (78,DATE_FORMAT('25/10/05','%Y/%m/%d'),'추석');
INSERT INTO MC_HOLIDAY (HOLIDAY_SEQ,HOLIDAY,TITLE) VALUES (79,DATE_FORMAT('25/10/06','%Y/%m/%d'),'추석');
INSERT INTO MC_HOLIDAY (HOLIDAY_SEQ,HOLIDAY,TITLE) VALUES (80,DATE_FORMAT('25/10/07','%Y/%m/%d'),'추석');
INSERT INTO MC_HOLIDAY (HOLIDAY_SEQ,HOLIDAY,TITLE) VALUES (81,DATE_FORMAT('26/09/24','%Y/%m/%d'),'추석');
INSERT INTO MC_HOLIDAY (HOLIDAY_SEQ,HOLIDAY,TITLE) VALUES (82,DATE_FORMAT('26/09/25','%Y/%m/%d'),'추석');
INSERT INTO MC_HOLIDAY (HOLIDAY_SEQ,HOLIDAY,TITLE) VALUES (83,DATE_FORMAT('26/09/26','%Y/%m/%d'),'추석');
INSERT INTO MC_HOLIDAY (HOLIDAY_SEQ,HOLIDAY,TITLE) VALUES (84,DATE_FORMAT('27/09/14','%Y/%m/%d'),'추석');
INSERT INTO MC_HOLIDAY (HOLIDAY_SEQ,HOLIDAY,TITLE) VALUES (85,DATE_FORMAT('27/09/15','%Y/%m/%d'),'추석');
INSERT INTO MC_HOLIDAY (HOLIDAY_SEQ,HOLIDAY,TITLE) VALUES (86,DATE_FORMAT('27/09/16','%Y/%m/%d'),'추석');
INSERT INTO MC_HOLIDAY (HOLIDAY_SEQ,HOLIDAY,TITLE) VALUES (87,DATE_FORMAT('28/10/02','%Y/%m/%d'),'추석');
INSERT INTO MC_HOLIDAY (HOLIDAY_SEQ,HOLIDAY,TITLE) VALUES (88,DATE_FORMAT('28/10/04','%Y/%m/%d'),'추석');
INSERT INTO MC_HOLIDAY (HOLIDAY_SEQ,HOLIDAY,TITLE) VALUES (89,DATE_FORMAT('29/09/21','%Y/%m/%d'),'추석');
INSERT INTO MC_HOLIDAY (HOLIDAY_SEQ,HOLIDAY,TITLE) VALUES (90,DATE_FORMAT('29/09/22','%Y/%m/%d'),'추석');
INSERT INTO MC_HOLIDAY (HOLIDAY_SEQ,HOLIDAY,TITLE) VALUES (91,DATE_FORMAT('29/09/23','%Y/%m/%d'),'추석');
INSERT INTO MC_HOLIDAY (HOLIDAY_SEQ,HOLIDAY,TITLE) VALUES (92,DATE_FORMAT('30/09/11','%Y/%m/%d'),'추석');
INSERT INTO MC_HOLIDAY (HOLIDAY_SEQ,HOLIDAY,TITLE) VALUES (93,DATE_FORMAT('30/09/12','%Y/%m/%d'),'추석');
INSERT INTO MC_HOLIDAY (HOLIDAY_SEQ,HOLIDAY,TITLE) VALUES (94,DATE_FORMAT('30/09/13','%Y/%m/%d'),'추석');
INSERT INTO MC_HOLIDAY (HOLIDAY_SEQ,HOLIDAY,TITLE) VALUES (95,DATE_FORMAT('31/09/30','%Y/%m/%d'),'추석');
INSERT INTO MC_HOLIDAY (HOLIDAY_SEQ,HOLIDAY,TITLE) VALUES (96,DATE_FORMAT('31/10/01','%Y/%m/%d'),'추석');
INSERT INTO MC_HOLIDAY (HOLIDAY_SEQ,HOLIDAY,TITLE) VALUES (97,DATE_FORMAT('31/10/02','%Y/%m/%d'),'추석');
INSERT INTO MC_HOLIDAY (HOLIDAY_SEQ,HOLIDAY,TITLE) VALUES (98,DATE_FORMAT('32/09/18','%Y/%m/%d'),'추석');
INSERT INTO MC_HOLIDAY (HOLIDAY_SEQ,HOLIDAY,TITLE) VALUES (99,DATE_FORMAT('32/09/19','%Y/%m/%d'),'추석');
INSERT INTO MC_HOLIDAY (HOLIDAY_SEQ,HOLIDAY,TITLE) VALUES (100,DATE_FORMAT('32/09/20','%Y/%m/%d'),'추석');
INSERT INTO MC_HOLIDAY (HOLIDAY_SEQ,HOLIDAY,TITLE) VALUES (101,DATE_FORMAT('33/10/06','%Y/%m/%d'),'추석');
INSERT INTO MC_HOLIDAY (HOLIDAY_SEQ,HOLIDAY,TITLE) VALUES (102,DATE_FORMAT('33/10/07','%Y/%m/%d'),'추석');
INSERT INTO MC_HOLIDAY (HOLIDAY_SEQ,HOLIDAY,TITLE) VALUES (103,DATE_FORMAT('33/10/08','%Y/%m/%d'),'추석');
INSERT INTO MC_HOLIDAY (HOLIDAY_SEQ,HOLIDAY,TITLE) VALUES (104,DATE_FORMAT('34/09/26','%Y/%m/%d'),'추석');
INSERT INTO MC_HOLIDAY (HOLIDAY_SEQ,HOLIDAY,TITLE) VALUES (105,DATE_FORMAT('34/09/27','%Y/%m/%d'),'추석');
INSERT INTO MC_HOLIDAY (HOLIDAY_SEQ,HOLIDAY,TITLE) VALUES (106,DATE_FORMAT('34/09/28','%Y/%m/%d'),'추석');
INSERT INTO MC_HOLIDAY (HOLIDAY_SEQ,HOLIDAY,TITLE) VALUES (107,DATE_FORMAT('35/09/15','%Y/%m/%d'),'추석');
INSERT INTO MC_HOLIDAY (HOLIDAY_SEQ,HOLIDAY,TITLE) VALUES (108,DATE_FORMAT('35/09/16','%Y/%m/%d'),'추석');
INSERT INTO MC_HOLIDAY (HOLIDAY_SEQ,HOLIDAY,TITLE) VALUES (109,DATE_FORMAT('35/09/17','%Y/%m/%d'),'추석');
INSERT INTO MC_HOLIDAY (HOLIDAY_SEQ,HOLIDAY,TITLE) VALUES (110,DATE_FORMAT('36/10/04','%Y/%m/%d'),'추석');
INSERT INTO MC_HOLIDAY (HOLIDAY_SEQ,HOLIDAY,TITLE) VALUES (111,DATE_FORMAT('36/10/05','%Y/%m/%d'),'추석');
INSERT INTO MC_HOLIDAY (HOLIDAY_SEQ,HOLIDAY,TITLE) VALUES (112,DATE_FORMAT('37/09/23','%Y/%m/%d'),'추석');
INSERT INTO MC_HOLIDAY (HOLIDAY_SEQ,HOLIDAY,TITLE) VALUES (113,DATE_FORMAT('37/09/24','%Y/%m/%d'),'추석');
INSERT INTO MC_HOLIDAY (HOLIDAY_SEQ,HOLIDAY,TITLE) VALUES (114,DATE_FORMAT('37/09/25','%Y/%m/%d'),'추석');
INSERT INTO MC_HOLIDAY (HOLIDAY_SEQ,HOLIDAY,TITLE) VALUES (115,DATE_FORMAT('38/09/12','%Y/%m/%d'),'추석');
INSERT INTO MC_HOLIDAY (HOLIDAY_SEQ,HOLIDAY,TITLE) VALUES (116,DATE_FORMAT('38/09/13','%Y/%m/%d'),'추석');
INSERT INTO MC_HOLIDAY (HOLIDAY_SEQ,HOLIDAY,TITLE) VALUES (117,DATE_FORMAT('38/09/14','%Y/%m/%d'),'추석');
INSERT INTO MC_HOLIDAY (HOLIDAY_SEQ,HOLIDAY,TITLE) VALUES (118,DATE_FORMAT('39/10/01','%Y/%m/%d'),'추석');
INSERT INTO MC_HOLIDAY (HOLIDAY_SEQ,HOLIDAY,TITLE) VALUES (119,DATE_FORMAT('39/10/02','%Y/%m/%d'),'추석');
INSERT INTO MC_HOLIDAY (HOLIDAY_SEQ,HOLIDAY,TITLE) VALUES (120,DATE_FORMAT('40/09/20','%Y/%m/%d'),'추석');
INSERT INTO MC_HOLIDAY (HOLIDAY_SEQ,HOLIDAY,TITLE) VALUES (121,DATE_FORMAT('40/09/21','%Y/%m/%d'),'추석');
INSERT INTO MC_HOLIDAY (HOLIDAY_SEQ,HOLIDAY,TITLE) VALUES (122,DATE_FORMAT('40/09/22','%Y/%m/%d'),'추석');
INSERT INTO MC_HOLIDAY (HOLIDAY_SEQ,HOLIDAY,TITLE) VALUES (123,DATE_FORMAT('41/09/09','%Y/%m/%d'),'추석');
INSERT INTO MC_HOLIDAY (HOLIDAY_SEQ,HOLIDAY,TITLE) VALUES (124,DATE_FORMAT('41/09/10','%Y/%m/%d'),'추석');
INSERT INTO MC_HOLIDAY (HOLIDAY_SEQ,HOLIDAY,TITLE) VALUES (125,DATE_FORMAT('41/09/11','%Y/%m/%d'),'추석');
INSERT INTO MC_HOLIDAY (HOLIDAY_SEQ,HOLIDAY,TITLE) VALUES (126,DATE_FORMAT('42/09/27','%Y/%m/%d'),'추석');
INSERT INTO MC_HOLIDAY (HOLIDAY_SEQ,HOLIDAY,TITLE) VALUES (127,DATE_FORMAT('42/09/28','%Y/%m/%d'),'추석');
INSERT INTO MC_HOLIDAY (HOLIDAY_SEQ,HOLIDAY,TITLE) VALUES (128,DATE_FORMAT('42/09/29','%Y/%m/%d'),'추석');
INSERT INTO MC_HOLIDAY (HOLIDAY_SEQ,HOLIDAY,TITLE) VALUES (129,DATE_FORMAT('43/09/16','%Y/%m/%d'),'추석');
INSERT INTO MC_HOLIDAY (HOLIDAY_SEQ,HOLIDAY,TITLE) VALUES (130,DATE_FORMAT('43/09/17','%Y/%m/%d'),'추석');
INSERT INTO MC_HOLIDAY (HOLIDAY_SEQ,HOLIDAY,TITLE) VALUES (131,DATE_FORMAT('43/09/18','%Y/%m/%d'),'추석');
INSERT INTO MC_HOLIDAY (HOLIDAY_SEQ,HOLIDAY,TITLE) VALUES (132,DATE_FORMAT('44/10/04','%Y/%m/%d'),'추석');
INSERT INTO MC_HOLIDAY (HOLIDAY_SEQ,HOLIDAY,TITLE) VALUES (133,DATE_FORMAT('44/10/05','%Y/%m/%d'),'추석');
INSERT INTO MC_HOLIDAY (HOLIDAY_SEQ,HOLIDAY,TITLE) VALUES (134,DATE_FORMAT('44/10/06','%Y/%m/%d'),'추석');
INSERT INTO MC_HOLIDAY (HOLIDAY_SEQ,HOLIDAY,TITLE) VALUES (135,DATE_FORMAT('45/09/24','%Y/%m/%d'),'추석');
INSERT INTO MC_HOLIDAY (HOLIDAY_SEQ,HOLIDAY,TITLE) VALUES (136,DATE_FORMAT('45/09/25','%Y/%m/%d'),'추석');
INSERT INTO MC_HOLIDAY (HOLIDAY_SEQ,HOLIDAY,TITLE) VALUES (137,DATE_FORMAT('45/09/26','%Y/%m/%d'),'추석');
INSERT INTO MC_HOLIDAY (HOLIDAY_SEQ,HOLIDAY,TITLE) VALUES (138,DATE_FORMAT('46/09/14','%Y/%m/%d'),'추석');
INSERT INTO MC_HOLIDAY (HOLIDAY_SEQ,HOLIDAY,TITLE) VALUES (139,DATE_FORMAT('46/09/15','%Y/%m/%d'),'추석');
INSERT INTO MC_HOLIDAY (HOLIDAY_SEQ,HOLIDAY,TITLE) VALUES (140,DATE_FORMAT('46/09/16','%Y/%m/%d'),'추석');
INSERT INTO MC_HOLIDAY (HOLIDAY_SEQ,HOLIDAY,TITLE) VALUES (141,DATE_FORMAT('47/10/04','%Y/%m/%d'),'추석');
INSERT INTO MC_HOLIDAY (HOLIDAY_SEQ,HOLIDAY,TITLE) VALUES (142,DATE_FORMAT('47/10/05','%Y/%m/%d'),'추석');
INSERT INTO MC_HOLIDAY (HOLIDAY_SEQ,HOLIDAY,TITLE) VALUES (143,DATE_FORMAT('48/09/21','%Y/%m/%d'),'추석');
INSERT INTO MC_HOLIDAY (HOLIDAY_SEQ,HOLIDAY,TITLE) VALUES (144,DATE_FORMAT('48/09/22','%Y/%m/%d'),'추석');
INSERT INTO MC_HOLIDAY (HOLIDAY_SEQ,HOLIDAY,TITLE) VALUES (145,DATE_FORMAT('48/09/23','%Y/%m/%d'),'추석');
INSERT INTO MC_HOLIDAY (HOLIDAY_SEQ,HOLIDAY,TITLE) VALUES (146,DATE_FORMAT('49/09/10','%Y/%m/%d'),'추석');
INSERT INTO MC_HOLIDAY (HOLIDAY_SEQ,HOLIDAY,TITLE) VALUES (147,DATE_FORMAT('49/09/11','%Y/%m/%d'),'추석');
INSERT INTO MC_HOLIDAY (HOLIDAY_SEQ,HOLIDAY,TITLE) VALUES (148,DATE_FORMAT('49/09/12','%Y/%m/%d'),'추석');
INSERT INTO MC_HOLIDAY (HOLIDAY_SEQ,HOLIDAY,TITLE) VALUES (149,DATE_FORMAT('50/09/29','%Y/%m/%d'),'추석');
INSERT INTO MC_HOLIDAY (HOLIDAY_SEQ,HOLIDAY,TITLE) VALUES (150,DATE_FORMAT('50/09/30','%Y/%m/%d'),'추석');
INSERT INTO MC_HOLIDAY (HOLIDAY_SEQ,HOLIDAY,TITLE) VALUES (151,DATE_FORMAT('50/10/01','%Y/%m/%d'),'추석');
INSERT INTO MC_HOLIDAY (HOLIDAY_SEQ,HOLIDAY,TITLE) VALUES (152,DATE_FORMAT('25/05/05','%Y/%m/%d'),'어린이날<BR/>석가탄신일');
INSERT INTO MC_HOLIDAY (HOLIDAY_SEQ,HOLIDAY,TITLE) VALUES (153,DATE_FORMAT('44/05/05','%Y/%m/%d'),'어린이날<BR/>석가탄신일');
INSERT INTO MC_HOLIDAY (HOLIDAY_SEQ,HOLIDAY,TITLE) VALUES (154,DATE_FORMAT('14/05/05','%Y/%m/%d'),'어린이날');
INSERT INTO MC_HOLIDAY (HOLIDAY_SEQ,HOLIDAY,TITLE) VALUES (155,DATE_FORMAT('15/05/05','%Y/%m/%d'),'어린이날');
INSERT INTO MC_HOLIDAY (HOLIDAY_SEQ,HOLIDAY,TITLE) VALUES (156,DATE_FORMAT('16/05/05','%Y/%m/%d'),'어린이날');
INSERT INTO MC_HOLIDAY (HOLIDAY_SEQ,HOLIDAY,TITLE) VALUES (157,DATE_FORMAT('17/05/05','%Y/%m/%d'),'어린이날');
INSERT INTO MC_HOLIDAY (HOLIDAY_SEQ,HOLIDAY,TITLE) VALUES (158,DATE_FORMAT('18/05/05','%Y/%m/%d'),'어린이날');
INSERT INTO MC_HOLIDAY (HOLIDAY_SEQ,HOLIDAY,TITLE) VALUES (159,DATE_FORMAT('19/05/05','%Y/%m/%d'),'어린이날');
INSERT INTO MC_HOLIDAY (HOLIDAY_SEQ,HOLIDAY,TITLE) VALUES (160,DATE_FORMAT('20/05/05','%Y/%m/%d'),'어린이날');
INSERT INTO MC_HOLIDAY (HOLIDAY_SEQ,HOLIDAY,TITLE) VALUES (161,DATE_FORMAT('21/05/05','%Y/%m/%d'),'어린이날');
INSERT INTO MC_HOLIDAY (HOLIDAY_SEQ,HOLIDAY,TITLE) VALUES (162,DATE_FORMAT('22/05/05','%Y/%m/%d'),'어린이날');
INSERT INTO MC_HOLIDAY (HOLIDAY_SEQ,HOLIDAY,TITLE) VALUES (163,DATE_FORMAT('23/05/05','%Y/%m/%d'),'어린이날');
INSERT INTO MC_HOLIDAY (HOLIDAY_SEQ,HOLIDAY,TITLE) VALUES (164,DATE_FORMAT('24/05/05','%Y/%m/%d'),'어린이날');
INSERT INTO MC_HOLIDAY (HOLIDAY_SEQ,HOLIDAY,TITLE) VALUES (165,DATE_FORMAT('26/05/05','%Y/%m/%d'),'어린이날');
INSERT INTO MC_HOLIDAY (HOLIDAY_SEQ,HOLIDAY,TITLE) VALUES (166,DATE_FORMAT('27/05/05','%Y/%m/%d'),'어린이날');
INSERT INTO MC_HOLIDAY (HOLIDAY_SEQ,HOLIDAY,TITLE) VALUES (167,DATE_FORMAT('28/05/05','%Y/%m/%d'),'어린이날');
INSERT INTO MC_HOLIDAY (HOLIDAY_SEQ,HOLIDAY,TITLE) VALUES (168,DATE_FORMAT('29/05/05','%Y/%m/%d'),'어린이날');
INSERT INTO MC_HOLIDAY (HOLIDAY_SEQ,HOLIDAY,TITLE) VALUES (169,DATE_FORMAT('30/05/05','%Y/%m/%d'),'어린이날');
INSERT INTO MC_HOLIDAY (HOLIDAY_SEQ,HOLIDAY,TITLE) VALUES (170,DATE_FORMAT('31/05/05','%Y/%m/%d'),'어린이날');
INSERT INTO MC_HOLIDAY (HOLIDAY_SEQ,HOLIDAY,TITLE) VALUES (171,DATE_FORMAT('32/05/05','%Y/%m/%d'),'어린이날');
INSERT INTO MC_HOLIDAY (HOLIDAY_SEQ,HOLIDAY,TITLE) VALUES (172,DATE_FORMAT('33/05/05','%Y/%m/%d'),'어린이날');
INSERT INTO MC_HOLIDAY (HOLIDAY_SEQ,HOLIDAY,TITLE) VALUES (173,DATE_FORMAT('34/05/05','%Y/%m/%d'),'어린이날');
INSERT INTO MC_HOLIDAY (HOLIDAY_SEQ,HOLIDAY,TITLE) VALUES (174,DATE_FORMAT('35/05/05','%Y/%m/%d'),'어린이날');
INSERT INTO MC_HOLIDAY (HOLIDAY_SEQ,HOLIDAY,TITLE) VALUES (175,DATE_FORMAT('36/05/05','%Y/%m/%d'),'어린이날');
INSERT INTO MC_HOLIDAY (HOLIDAY_SEQ,HOLIDAY,TITLE) VALUES (176,DATE_FORMAT('37/05/05','%Y/%m/%d'),'어린이날');
INSERT INTO MC_HOLIDAY (HOLIDAY_SEQ,HOLIDAY,TITLE) VALUES (177,DATE_FORMAT('38/05/05','%Y/%m/%d'),'어린이날');
INSERT INTO MC_HOLIDAY (HOLIDAY_SEQ,HOLIDAY,TITLE) VALUES (178,DATE_FORMAT('39/05/05','%Y/%m/%d'),'어린이날');
INSERT INTO MC_HOLIDAY (HOLIDAY_SEQ,HOLIDAY,TITLE) VALUES (179,DATE_FORMAT('40/05/05','%Y/%m/%d'),'어린이날');
INSERT INTO MC_HOLIDAY (HOLIDAY_SEQ,HOLIDAY,TITLE) VALUES (180,DATE_FORMAT('41/05/05','%Y/%m/%d'),'어린이날');
INSERT INTO MC_HOLIDAY (HOLIDAY_SEQ,HOLIDAY,TITLE) VALUES (181,DATE_FORMAT('42/05/05','%Y/%m/%d'),'어린이날');
INSERT INTO MC_HOLIDAY (HOLIDAY_SEQ,HOLIDAY,TITLE) VALUES (182,DATE_FORMAT('43/05/05','%Y/%m/%d'),'어린이날');
INSERT INTO MC_HOLIDAY (HOLIDAY_SEQ,HOLIDAY,TITLE) VALUES (183,DATE_FORMAT('45/05/05','%Y/%m/%d'),'어린이날');
INSERT INTO MC_HOLIDAY (HOLIDAY_SEQ,HOLIDAY,TITLE) VALUES (184,DATE_FORMAT('46/05/05','%Y/%m/%d'),'어린이날');
INSERT INTO MC_HOLIDAY (HOLIDAY_SEQ,HOLIDAY,TITLE) VALUES (185,DATE_FORMAT('47/05/05','%Y/%m/%d'),'어린이날');
INSERT INTO MC_HOLIDAY (HOLIDAY_SEQ,HOLIDAY,TITLE) VALUES (186,DATE_FORMAT('48/05/05','%Y/%m/%d'),'어린이날');
INSERT INTO MC_HOLIDAY (HOLIDAY_SEQ,HOLIDAY,TITLE) VALUES (187,DATE_FORMAT('49/05/05','%Y/%m/%d'),'어린이날');
INSERT INTO MC_HOLIDAY (HOLIDAY_SEQ,HOLIDAY,TITLE) VALUES (188,DATE_FORMAT('50/05/05','%Y/%m/%d'),'어린이날');
INSERT INTO MC_HOLIDAY (HOLIDAY_SEQ,HOLIDAY,TITLE) VALUES (189,DATE_FORMAT('14/01/01','%Y/%m/%d'),'신정');
INSERT INTO MC_HOLIDAY (HOLIDAY_SEQ,HOLIDAY,TITLE) VALUES (190,DATE_FORMAT('15/01/01','%Y/%m/%d'),'신정');
INSERT INTO MC_HOLIDAY (HOLIDAY_SEQ,HOLIDAY,TITLE) VALUES (191,DATE_FORMAT('16/01/01','%Y/%m/%d'),'신정');
INSERT INTO MC_HOLIDAY (HOLIDAY_SEQ,HOLIDAY,TITLE) VALUES (192,DATE_FORMAT('17/01/01','%Y/%m/%d'),'신정');
INSERT INTO MC_HOLIDAY (HOLIDAY_SEQ,HOLIDAY,TITLE) VALUES (193,DATE_FORMAT('18/01/01','%Y/%m/%d'),'신정');
INSERT INTO MC_HOLIDAY (HOLIDAY_SEQ,HOLIDAY,TITLE) VALUES (194,DATE_FORMAT('19/01/01','%Y/%m/%d'),'신정');
INSERT INTO MC_HOLIDAY (HOLIDAY_SEQ,HOLIDAY,TITLE) VALUES (195,DATE_FORMAT('20/01/01','%Y/%m/%d'),'신정');
INSERT INTO MC_HOLIDAY (HOLIDAY_SEQ,HOLIDAY,TITLE) VALUES (196,DATE_FORMAT('21/01/01','%Y/%m/%d'),'신정');
INSERT INTO MC_HOLIDAY (HOLIDAY_SEQ,HOLIDAY,TITLE) VALUES (197,DATE_FORMAT('22/01/01','%Y/%m/%d'),'신정');
INSERT INTO MC_HOLIDAY (HOLIDAY_SEQ,HOLIDAY,TITLE) VALUES (198,DATE_FORMAT('23/01/01','%Y/%m/%d'),'신정');
INSERT INTO MC_HOLIDAY (HOLIDAY_SEQ,HOLIDAY,TITLE) VALUES (199,DATE_FORMAT('24/01/01','%Y/%m/%d'),'신정');
INSERT INTO MC_HOLIDAY (HOLIDAY_SEQ,HOLIDAY,TITLE) VALUES (200,DATE_FORMAT('25/01/01','%Y/%m/%d'),'신정');
INSERT INTO MC_HOLIDAY (HOLIDAY_SEQ,HOLIDAY,TITLE) VALUES (201,DATE_FORMAT('26/01/01','%Y/%m/%d'),'신정');
INSERT INTO MC_HOLIDAY (HOLIDAY_SEQ,HOLIDAY,TITLE) VALUES (202,DATE_FORMAT('27/01/01','%Y/%m/%d'),'신정');
INSERT INTO MC_HOLIDAY (HOLIDAY_SEQ,HOLIDAY,TITLE) VALUES (203,DATE_FORMAT('28/01/01','%Y/%m/%d'),'신정');
INSERT INTO MC_HOLIDAY (HOLIDAY_SEQ,HOLIDAY,TITLE) VALUES (204,DATE_FORMAT('29/01/01','%Y/%m/%d'),'신정');
INSERT INTO MC_HOLIDAY (HOLIDAY_SEQ,HOLIDAY,TITLE) VALUES (205,DATE_FORMAT('30/01/01','%Y/%m/%d'),'신정');
INSERT INTO MC_HOLIDAY (HOLIDAY_SEQ,HOLIDAY,TITLE) VALUES (206,DATE_FORMAT('31/01/01','%Y/%m/%d'),'신정');
INSERT INTO MC_HOLIDAY (HOLIDAY_SEQ,HOLIDAY,TITLE) VALUES (207,DATE_FORMAT('32/01/01','%Y/%m/%d'),'신정');
INSERT INTO MC_HOLIDAY (HOLIDAY_SEQ,HOLIDAY,TITLE) VALUES (208,DATE_FORMAT('33/01/01','%Y/%m/%d'),'신정');
INSERT INTO MC_HOLIDAY (HOLIDAY_SEQ,HOLIDAY,TITLE) VALUES (209,DATE_FORMAT('34/01/01','%Y/%m/%d'),'신정');
INSERT INTO MC_HOLIDAY (HOLIDAY_SEQ,HOLIDAY,TITLE) VALUES (210,DATE_FORMAT('35/01/01','%Y/%m/%d'),'신정');
INSERT INTO MC_HOLIDAY (HOLIDAY_SEQ,HOLIDAY,TITLE) VALUES (211,DATE_FORMAT('36/01/01','%Y/%m/%d'),'신정');
INSERT INTO MC_HOLIDAY (HOLIDAY_SEQ,HOLIDAY,TITLE) VALUES (212,DATE_FORMAT('37/01/01','%Y/%m/%d'),'신정');
INSERT INTO MC_HOLIDAY (HOLIDAY_SEQ,HOLIDAY,TITLE) VALUES (213,DATE_FORMAT('38/01/01','%Y/%m/%d'),'신정');
INSERT INTO MC_HOLIDAY (HOLIDAY_SEQ,HOLIDAY,TITLE) VALUES (214,DATE_FORMAT('39/01/01','%Y/%m/%d'),'신정');
INSERT INTO MC_HOLIDAY (HOLIDAY_SEQ,HOLIDAY,TITLE) VALUES (215,DATE_FORMAT('40/01/01','%Y/%m/%d'),'신정');
INSERT INTO MC_HOLIDAY (HOLIDAY_SEQ,HOLIDAY,TITLE) VALUES (216,DATE_FORMAT('41/01/01','%Y/%m/%d'),'신정');
INSERT INTO MC_HOLIDAY (HOLIDAY_SEQ,HOLIDAY,TITLE) VALUES (217,DATE_FORMAT('42/01/01','%Y/%m/%d'),'신정');
INSERT INTO MC_HOLIDAY (HOLIDAY_SEQ,HOLIDAY,TITLE) VALUES (218,DATE_FORMAT('43/01/01','%Y/%m/%d'),'신정');
INSERT INTO MC_HOLIDAY (HOLIDAY_SEQ,HOLIDAY,TITLE) VALUES (219,DATE_FORMAT('44/01/01','%Y/%m/%d'),'신정');
INSERT INTO MC_HOLIDAY (HOLIDAY_SEQ,HOLIDAY,TITLE) VALUES (220,DATE_FORMAT('45/01/01','%Y/%m/%d'),'신정');
INSERT INTO MC_HOLIDAY (HOLIDAY_SEQ,HOLIDAY,TITLE) VALUES (221,DATE_FORMAT('46/01/01','%Y/%m/%d'),'신정');
INSERT INTO MC_HOLIDAY (HOLIDAY_SEQ,HOLIDAY,TITLE) VALUES (222,DATE_FORMAT('47/01/01','%Y/%m/%d'),'신정');
INSERT INTO MC_HOLIDAY (HOLIDAY_SEQ,HOLIDAY,TITLE) VALUES (223,DATE_FORMAT('48/01/01','%Y/%m/%d'),'신정');
INSERT INTO MC_HOLIDAY (HOLIDAY_SEQ,HOLIDAY,TITLE) VALUES (224,DATE_FORMAT('49/01/01','%Y/%m/%d'),'신정');
INSERT INTO MC_HOLIDAY (HOLIDAY_SEQ,HOLIDAY,TITLE) VALUES (225,DATE_FORMAT('50/01/01','%Y/%m/%d'),'신정');
INSERT INTO MC_HOLIDAY (HOLIDAY_SEQ,HOLIDAY,TITLE) VALUES (226,DATE_FORMAT('14/12/25','%Y/%m/%d'),'성탄절');
INSERT INTO MC_HOLIDAY (HOLIDAY_SEQ,HOLIDAY,TITLE) VALUES (227,DATE_FORMAT('15/12/25','%Y/%m/%d'),'성탄절');
INSERT INTO MC_HOLIDAY (HOLIDAY_SEQ,HOLIDAY,TITLE) VALUES (228,DATE_FORMAT('16/12/25','%Y/%m/%d'),'성탄절');
INSERT INTO MC_HOLIDAY (HOLIDAY_SEQ,HOLIDAY,TITLE) VALUES (229,DATE_FORMAT('17/12/25','%Y/%m/%d'),'성탄절');
INSERT INTO MC_HOLIDAY (HOLIDAY_SEQ,HOLIDAY,TITLE) VALUES (230,DATE_FORMAT('18/12/25','%Y/%m/%d'),'성탄절');
INSERT INTO MC_HOLIDAY (HOLIDAY_SEQ,HOLIDAY,TITLE) VALUES (231,DATE_FORMAT('19/12/25','%Y/%m/%d'),'성탄절');
INSERT INTO MC_HOLIDAY (HOLIDAY_SEQ,HOLIDAY,TITLE) VALUES (232,DATE_FORMAT('20/12/25','%Y/%m/%d'),'성탄절');
INSERT INTO MC_HOLIDAY (HOLIDAY_SEQ,HOLIDAY,TITLE) VALUES (233,DATE_FORMAT('21/12/25','%Y/%m/%d'),'성탄절');
INSERT INTO MC_HOLIDAY (HOLIDAY_SEQ,HOLIDAY,TITLE) VALUES (234,DATE_FORMAT('22/12/25','%Y/%m/%d'),'성탄절');
INSERT INTO MC_HOLIDAY (HOLIDAY_SEQ,HOLIDAY,TITLE) VALUES (235,DATE_FORMAT('23/12/25','%Y/%m/%d'),'성탄절');
INSERT INTO MC_HOLIDAY (HOLIDAY_SEQ,HOLIDAY,TITLE) VALUES (236,DATE_FORMAT('24/12/25','%Y/%m/%d'),'성탄절');
INSERT INTO MC_HOLIDAY (HOLIDAY_SEQ,HOLIDAY,TITLE) VALUES (237,DATE_FORMAT('25/12/25','%Y/%m/%d'),'성탄절');
INSERT INTO MC_HOLIDAY (HOLIDAY_SEQ,HOLIDAY,TITLE) VALUES (238,DATE_FORMAT('26/12/25','%Y/%m/%d'),'성탄절');
INSERT INTO MC_HOLIDAY (HOLIDAY_SEQ,HOLIDAY,TITLE) VALUES (239,DATE_FORMAT('27/12/25','%Y/%m/%d'),'성탄절');
INSERT INTO MC_HOLIDAY (HOLIDAY_SEQ,HOLIDAY,TITLE) VALUES (240,DATE_FORMAT('28/12/25','%Y/%m/%d'),'성탄절');
INSERT INTO MC_HOLIDAY (HOLIDAY_SEQ,HOLIDAY,TITLE) VALUES (241,DATE_FORMAT('29/12/25','%Y/%m/%d'),'성탄절');
INSERT INTO MC_HOLIDAY (HOLIDAY_SEQ,HOLIDAY,TITLE) VALUES (242,DATE_FORMAT('30/12/25','%Y/%m/%d'),'성탄절');
INSERT INTO MC_HOLIDAY (HOLIDAY_SEQ,HOLIDAY,TITLE) VALUES (243,DATE_FORMAT('31/12/25','%Y/%m/%d'),'성탄절');
INSERT INTO MC_HOLIDAY (HOLIDAY_SEQ,HOLIDAY,TITLE) VALUES (244,DATE_FORMAT('32/12/25','%Y/%m/%d'),'성탄절');
INSERT INTO MC_HOLIDAY (HOLIDAY_SEQ,HOLIDAY,TITLE) VALUES (245,DATE_FORMAT('33/12/25','%Y/%m/%d'),'성탄절');
INSERT INTO MC_HOLIDAY (HOLIDAY_SEQ,HOLIDAY,TITLE) VALUES (246,DATE_FORMAT('34/12/25','%Y/%m/%d'),'성탄절');
INSERT INTO MC_HOLIDAY (HOLIDAY_SEQ,HOLIDAY,TITLE) VALUES (247,DATE_FORMAT('35/12/25','%Y/%m/%d'),'성탄절');
INSERT INTO MC_HOLIDAY (HOLIDAY_SEQ,HOLIDAY,TITLE) VALUES (248,DATE_FORMAT('36/12/25','%Y/%m/%d'),'성탄절');
INSERT INTO MC_HOLIDAY (HOLIDAY_SEQ,HOLIDAY,TITLE) VALUES (249,DATE_FORMAT('37/12/25','%Y/%m/%d'),'성탄절');
INSERT INTO MC_HOLIDAY (HOLIDAY_SEQ,HOLIDAY,TITLE) VALUES (250,DATE_FORMAT('38/12/25','%Y/%m/%d'),'성탄절');
INSERT INTO MC_HOLIDAY (HOLIDAY_SEQ,HOLIDAY,TITLE) VALUES (251,DATE_FORMAT('39/12/25','%Y/%m/%d'),'성탄절');
INSERT INTO MC_HOLIDAY (HOLIDAY_SEQ,HOLIDAY,TITLE) VALUES (252,DATE_FORMAT('40/12/25','%Y/%m/%d'),'성탄절');
INSERT INTO MC_HOLIDAY (HOLIDAY_SEQ,HOLIDAY,TITLE) VALUES (253,DATE_FORMAT('41/12/25','%Y/%m/%d'),'성탄절');
INSERT INTO MC_HOLIDAY (HOLIDAY_SEQ,HOLIDAY,TITLE) VALUES (254,DATE_FORMAT('42/12/25','%Y/%m/%d'),'성탄절');
INSERT INTO MC_HOLIDAY (HOLIDAY_SEQ,HOLIDAY,TITLE) VALUES (255,DATE_FORMAT('43/12/25','%Y/%m/%d'),'성탄절');
INSERT INTO MC_HOLIDAY (HOLIDAY_SEQ,HOLIDAY,TITLE) VALUES (256,DATE_FORMAT('44/12/25','%Y/%m/%d'),'성탄절');
INSERT INTO MC_HOLIDAY (HOLIDAY_SEQ,HOLIDAY,TITLE) VALUES (257,DATE_FORMAT('45/12/25','%Y/%m/%d'),'성탄절');
INSERT INTO MC_HOLIDAY (HOLIDAY_SEQ,HOLIDAY,TITLE) VALUES (258,DATE_FORMAT('46/12/25','%Y/%m/%d'),'성탄절');
INSERT INTO MC_HOLIDAY (HOLIDAY_SEQ,HOLIDAY,TITLE) VALUES (259,DATE_FORMAT('47/12/25','%Y/%m/%d'),'성탄절');
INSERT INTO MC_HOLIDAY (HOLIDAY_SEQ,HOLIDAY,TITLE) VALUES (260,DATE_FORMAT('48/12/25','%Y/%m/%d'),'성탄절');
INSERT INTO MC_HOLIDAY (HOLIDAY_SEQ,HOLIDAY,TITLE) VALUES (261,DATE_FORMAT('49/12/25','%Y/%m/%d'),'성탄절');
INSERT INTO MC_HOLIDAY (HOLIDAY_SEQ,HOLIDAY,TITLE) VALUES (262,DATE_FORMAT('50/12/25','%Y/%m/%d'),'성탄절');
INSERT INTO MC_HOLIDAY (HOLIDAY_SEQ,HOLIDAY,TITLE) VALUES (263,DATE_FORMAT('14/01/30','%Y/%m/%d'),'설날');
INSERT INTO MC_HOLIDAY (HOLIDAY_SEQ,HOLIDAY,TITLE) VALUES (264,DATE_FORMAT('14/01/31','%Y/%m/%d'),'설날');
INSERT INTO MC_HOLIDAY (HOLIDAY_SEQ,HOLIDAY,TITLE) VALUES (265,DATE_FORMAT('14/02/01','%Y/%m/%d'),'설날');
INSERT INTO MC_HOLIDAY (HOLIDAY_SEQ,HOLIDAY,TITLE) VALUES (266,DATE_FORMAT('15/02/18','%Y/%m/%d'),'설날');
INSERT INTO MC_HOLIDAY (HOLIDAY_SEQ,HOLIDAY,TITLE) VALUES (267,DATE_FORMAT('15/02/19','%Y/%m/%d'),'설날');
INSERT INTO MC_HOLIDAY (HOLIDAY_SEQ,HOLIDAY,TITLE) VALUES (268,DATE_FORMAT('15/02/20','%Y/%m/%d'),'설날');
INSERT INTO MC_HOLIDAY (HOLIDAY_SEQ,HOLIDAY,TITLE) VALUES (269,DATE_FORMAT('16/02/08','%Y/%m/%d'),'설날');
INSERT INTO MC_HOLIDAY (HOLIDAY_SEQ,HOLIDAY,TITLE) VALUES (270,DATE_FORMAT('16/02/09','%Y/%m/%d'),'설날');
INSERT INTO MC_HOLIDAY (HOLIDAY_SEQ,HOLIDAY,TITLE) VALUES (271,DATE_FORMAT('16/02/10','%Y/%m/%d'),'설날');
INSERT INTO MC_HOLIDAY (HOLIDAY_SEQ,HOLIDAY,TITLE) VALUES (272,DATE_FORMAT('17/01/27','%Y/%m/%d'),'설날');
INSERT INTO MC_HOLIDAY (HOLIDAY_SEQ,HOLIDAY,TITLE) VALUES (273,DATE_FORMAT('17/01/28','%Y/%m/%d'),'설날');
INSERT INTO MC_HOLIDAY (HOLIDAY_SEQ,HOLIDAY,TITLE) VALUES (274,DATE_FORMAT('17/01/29','%Y/%m/%d'),'설날');
INSERT INTO MC_HOLIDAY (HOLIDAY_SEQ,HOLIDAY,TITLE) VALUES (275,DATE_FORMAT('18/02/15','%Y/%m/%d'),'설날');
INSERT INTO MC_HOLIDAY (HOLIDAY_SEQ,HOLIDAY,TITLE) VALUES (276,DATE_FORMAT('18/02/16','%Y/%m/%d'),'설날');
INSERT INTO MC_HOLIDAY (HOLIDAY_SEQ,HOLIDAY,TITLE) VALUES (277,DATE_FORMAT('18/02/17','%Y/%m/%d'),'설날');
INSERT INTO MC_HOLIDAY (HOLIDAY_SEQ,HOLIDAY,TITLE) VALUES (278,DATE_FORMAT('19/02/04','%Y/%m/%d'),'설날');
INSERT INTO MC_HOLIDAY (HOLIDAY_SEQ,HOLIDAY,TITLE) VALUES (279,DATE_FORMAT('19/02/05','%Y/%m/%d'),'설날');
INSERT INTO MC_HOLIDAY (HOLIDAY_SEQ,HOLIDAY,TITLE) VALUES (280,DATE_FORMAT('19/02/06','%Y/%m/%d'),'설날');
INSERT INTO MC_HOLIDAY (HOLIDAY_SEQ,HOLIDAY,TITLE) VALUES (281,DATE_FORMAT('20/01/24','%Y/%m/%d'),'설날');
INSERT INTO MC_HOLIDAY (HOLIDAY_SEQ,HOLIDAY,TITLE) VALUES (282,DATE_FORMAT('20/01/25','%Y/%m/%d'),'설날');
INSERT INTO MC_HOLIDAY (HOLIDAY_SEQ,HOLIDAY,TITLE) VALUES (283,DATE_FORMAT('20/01/26','%Y/%m/%d'),'설날');
INSERT INTO MC_HOLIDAY (HOLIDAY_SEQ,HOLIDAY,TITLE) VALUES (284,DATE_FORMAT('21/02/11','%Y/%m/%d'),'설날');
INSERT INTO MC_HOLIDAY (HOLIDAY_SEQ,HOLIDAY,TITLE) VALUES (285,DATE_FORMAT('21/02/12','%Y/%m/%d'),'설날');
INSERT INTO MC_HOLIDAY (HOLIDAY_SEQ,HOLIDAY,TITLE) VALUES (286,DATE_FORMAT('21/02/13','%Y/%m/%d'),'설날');
INSERT INTO MC_HOLIDAY (HOLIDAY_SEQ,HOLIDAY,TITLE) VALUES (287,DATE_FORMAT('22/01/31','%Y/%m/%d'),'설날');
INSERT INTO MC_HOLIDAY (HOLIDAY_SEQ,HOLIDAY,TITLE) VALUES (288,DATE_FORMAT('22/02/01','%Y/%m/%d'),'설날');
INSERT INTO MC_HOLIDAY (HOLIDAY_SEQ,HOLIDAY,TITLE) VALUES (289,DATE_FORMAT('22/02/02','%Y/%m/%d'),'설날');
INSERT INTO MC_HOLIDAY (HOLIDAY_SEQ,HOLIDAY,TITLE) VALUES (290,DATE_FORMAT('23/01/21','%Y/%m/%d'),'설날');
INSERT INTO MC_HOLIDAY (HOLIDAY_SEQ,HOLIDAY,TITLE) VALUES (291,DATE_FORMAT('23/01/22','%Y/%m/%d'),'설날');
INSERT INTO MC_HOLIDAY (HOLIDAY_SEQ,HOLIDAY,TITLE) VALUES (292,DATE_FORMAT('23/01/23','%Y/%m/%d'),'설날');
INSERT INTO MC_HOLIDAY (HOLIDAY_SEQ,HOLIDAY,TITLE) VALUES (293,DATE_FORMAT('24/02/09','%Y/%m/%d'),'설날');
INSERT INTO MC_HOLIDAY (HOLIDAY_SEQ,HOLIDAY,TITLE) VALUES (294,DATE_FORMAT('24/02/10','%Y/%m/%d'),'설날');
INSERT INTO MC_HOLIDAY (HOLIDAY_SEQ,HOLIDAY,TITLE) VALUES (295,DATE_FORMAT('24/02/11','%Y/%m/%d'),'설날');
INSERT INTO MC_HOLIDAY (HOLIDAY_SEQ,HOLIDAY,TITLE) VALUES (296,DATE_FORMAT('25/01/28','%Y/%m/%d'),'설날');
INSERT INTO MC_HOLIDAY (HOLIDAY_SEQ,HOLIDAY,TITLE) VALUES (297,DATE_FORMAT('25/01/29','%Y/%m/%d'),'설날');
INSERT INTO MC_HOLIDAY (HOLIDAY_SEQ,HOLIDAY,TITLE) VALUES (298,DATE_FORMAT('25/01/30','%Y/%m/%d'),'설날');
INSERT INTO MC_HOLIDAY (HOLIDAY_SEQ,HOLIDAY,TITLE) VALUES (299,DATE_FORMAT('26/02/16','%Y/%m/%d'),'설날');
INSERT INTO MC_HOLIDAY (HOLIDAY_SEQ,HOLIDAY,TITLE) VALUES (300,DATE_FORMAT('26/02/17','%Y/%m/%d'),'설날');
INSERT INTO MC_HOLIDAY (HOLIDAY_SEQ,HOLIDAY,TITLE) VALUES (301,DATE_FORMAT('26/02/18','%Y/%m/%d'),'설날');
INSERT INTO MC_HOLIDAY (HOLIDAY_SEQ,HOLIDAY,TITLE) VALUES (302,DATE_FORMAT('27/02/06','%Y/%m/%d'),'설날');
INSERT INTO MC_HOLIDAY (HOLIDAY_SEQ,HOLIDAY,TITLE) VALUES (303,DATE_FORMAT('27/02/07','%Y/%m/%d'),'설날');
INSERT INTO MC_HOLIDAY (HOLIDAY_SEQ,HOLIDAY,TITLE) VALUES (304,DATE_FORMAT('27/02/08','%Y/%m/%d'),'설날');
INSERT INTO MC_HOLIDAY (HOLIDAY_SEQ,HOLIDAY,TITLE) VALUES (305,DATE_FORMAT('28/01/26','%Y/%m/%d'),'설날');
INSERT INTO MC_HOLIDAY (HOLIDAY_SEQ,HOLIDAY,TITLE) VALUES (306,DATE_FORMAT('28/01/27','%Y/%m/%d'),'설날');
INSERT INTO MC_HOLIDAY (HOLIDAY_SEQ,HOLIDAY,TITLE) VALUES (307,DATE_FORMAT('28/01/28','%Y/%m/%d'),'설날');
INSERT INTO MC_HOLIDAY (HOLIDAY_SEQ,HOLIDAY,TITLE) VALUES (308,DATE_FORMAT('29/02/12','%Y/%m/%d'),'설날');
INSERT INTO MC_HOLIDAY (HOLIDAY_SEQ,HOLIDAY,TITLE) VALUES (309,DATE_FORMAT('29/02/13','%Y/%m/%d'),'설날');
INSERT INTO MC_HOLIDAY (HOLIDAY_SEQ,HOLIDAY,TITLE) VALUES (310,DATE_FORMAT('29/02/14','%Y/%m/%d'),'설날');
INSERT INTO MC_HOLIDAY (HOLIDAY_SEQ,HOLIDAY,TITLE) VALUES (311,DATE_FORMAT('30/02/02','%Y/%m/%d'),'설날');
INSERT INTO MC_HOLIDAY (HOLIDAY_SEQ,HOLIDAY,TITLE) VALUES (312,DATE_FORMAT('30/02/03','%Y/%m/%d'),'설날');
INSERT INTO MC_HOLIDAY (HOLIDAY_SEQ,HOLIDAY,TITLE) VALUES (313,DATE_FORMAT('30/02/04','%Y/%m/%d'),'설날');
INSERT INTO MC_HOLIDAY (HOLIDAY_SEQ,HOLIDAY,TITLE) VALUES (314,DATE_FORMAT('31/01/22','%Y/%m/%d'),'설날');
INSERT INTO MC_HOLIDAY (HOLIDAY_SEQ,HOLIDAY,TITLE) VALUES (315,DATE_FORMAT('31/01/23','%Y/%m/%d'),'설날');
INSERT INTO MC_HOLIDAY (HOLIDAY_SEQ,HOLIDAY,TITLE) VALUES (316,DATE_FORMAT('31/01/24','%Y/%m/%d'),'설날');
INSERT INTO MC_HOLIDAY (HOLIDAY_SEQ,HOLIDAY,TITLE) VALUES (317,DATE_FORMAT('32/02/10','%Y/%m/%d'),'설날');
INSERT INTO MC_HOLIDAY (HOLIDAY_SEQ,HOLIDAY,TITLE) VALUES (318,DATE_FORMAT('32/02/11','%Y/%m/%d'),'설날');
INSERT INTO MC_HOLIDAY (HOLIDAY_SEQ,HOLIDAY,TITLE) VALUES (322,DATE_FORMAT('33/02/01','%Y/%m/%d'),'설날');
INSERT INTO MC_HOLIDAY (HOLIDAY_SEQ,HOLIDAY,TITLE) VALUES (323,DATE_FORMAT('34/02/18','%Y/%m/%d'),'설날');
INSERT INTO MC_HOLIDAY (HOLIDAY_SEQ,HOLIDAY,TITLE) VALUES (324,DATE_FORMAT('34/02/19','%Y/%m/%d'),'설날');
INSERT INTO MC_HOLIDAY (HOLIDAY_SEQ,HOLIDAY,TITLE) VALUES (325,DATE_FORMAT('34/02/20','%Y/%m/%d'),'설날');
INSERT INTO MC_HOLIDAY (HOLIDAY_SEQ,HOLIDAY,TITLE) VALUES (326,DATE_FORMAT('35/02/07','%Y/%m/%d'),'설날');
INSERT INTO MC_HOLIDAY (HOLIDAY_SEQ,HOLIDAY,TITLE) VALUES (327,DATE_FORMAT('35/02/08','%Y/%m/%d'),'설날');
INSERT INTO MC_HOLIDAY (HOLIDAY_SEQ,HOLIDAY,TITLE) VALUES (328,DATE_FORMAT('35/02/09','%Y/%m/%d'),'설날');
INSERT INTO MC_HOLIDAY (HOLIDAY_SEQ,HOLIDAY,TITLE) VALUES (329,DATE_FORMAT('36/01/27','%Y/%m/%d'),'설날');
INSERT INTO MC_HOLIDAY (HOLIDAY_SEQ,HOLIDAY,TITLE) VALUES (330,DATE_FORMAT('36/01/28','%Y/%m/%d'),'설날');
INSERT INTO MC_HOLIDAY (HOLIDAY_SEQ,HOLIDAY,TITLE) VALUES (331,DATE_FORMAT('36/01/29','%Y/%m/%d'),'설날');
INSERT INTO MC_HOLIDAY (HOLIDAY_SEQ,HOLIDAY,TITLE) VALUES (332,DATE_FORMAT('37/02/14','%Y/%m/%d'),'설날');
INSERT INTO MC_HOLIDAY (HOLIDAY_SEQ,HOLIDAY,TITLE) VALUES (333,DATE_FORMAT('37/02/15','%Y/%m/%d'),'설날');
INSERT INTO MC_HOLIDAY (HOLIDAY_SEQ,HOLIDAY,TITLE) VALUES (334,DATE_FORMAT('37/02/16','%Y/%m/%d'),'설날');
INSERT INTO MC_HOLIDAY (HOLIDAY_SEQ,HOLIDAY,TITLE) VALUES (335,DATE_FORMAT('38/02/03','%Y/%m/%d'),'설날');
INSERT INTO MC_HOLIDAY (HOLIDAY_SEQ,HOLIDAY,TITLE) VALUES (336,DATE_FORMAT('38/02/04','%Y/%m/%d'),'설날');
INSERT INTO MC_HOLIDAY (HOLIDAY_SEQ,HOLIDAY,TITLE) VALUES (337,DATE_FORMAT('38/02/05','%Y/%m/%d'),'설날');
INSERT INTO MC_HOLIDAY (HOLIDAY_SEQ,HOLIDAY,TITLE) VALUES (338,DATE_FORMAT('39/01/23','%Y/%m/%d'),'설날');
INSERT INTO MC_HOLIDAY (HOLIDAY_SEQ,HOLIDAY,TITLE) VALUES (339,DATE_FORMAT('39/01/24','%Y/%m/%d'),'설날');
INSERT INTO MC_HOLIDAY (HOLIDAY_SEQ,HOLIDAY,TITLE) VALUES (340,DATE_FORMAT('39/01/25','%Y/%m/%d'),'설날');
INSERT INTO MC_HOLIDAY (HOLIDAY_SEQ,HOLIDAY,TITLE) VALUES (341,DATE_FORMAT('40/02/11','%Y/%m/%d'),'설날');
INSERT INTO MC_HOLIDAY (HOLIDAY_SEQ,HOLIDAY,TITLE) VALUES (342,DATE_FORMAT('40/02/12','%Y/%m/%d'),'설날');
INSERT INTO MC_HOLIDAY (HOLIDAY_SEQ,HOLIDAY,TITLE) VALUES (343,DATE_FORMAT('40/02/13','%Y/%m/%d'),'설날');
INSERT INTO MC_HOLIDAY (HOLIDAY_SEQ,HOLIDAY,TITLE) VALUES (344,DATE_FORMAT('41/01/31','%Y/%m/%d'),'설날');
INSERT INTO MC_HOLIDAY (HOLIDAY_SEQ,HOLIDAY,TITLE) VALUES (345,DATE_FORMAT('41/02/01','%Y/%m/%d'),'설날');
INSERT INTO MC_HOLIDAY (HOLIDAY_SEQ,HOLIDAY,TITLE) VALUES (346,DATE_FORMAT('41/02/02','%Y/%m/%d'),'설날');
INSERT INTO MC_HOLIDAY (HOLIDAY_SEQ,HOLIDAY,TITLE) VALUES (347,DATE_FORMAT('42/01/21','%Y/%m/%d'),'설날');
INSERT INTO MC_HOLIDAY (HOLIDAY_SEQ,HOLIDAY,TITLE) VALUES (348,DATE_FORMAT('42/01/22','%Y/%m/%d'),'설날');
INSERT INTO MC_HOLIDAY (HOLIDAY_SEQ,HOLIDAY,TITLE) VALUES (349,DATE_FORMAT('42/01/23','%Y/%m/%d'),'설날');
INSERT INTO MC_HOLIDAY (HOLIDAY_SEQ,HOLIDAY,TITLE) VALUES (350,DATE_FORMAT('43/02/09','%Y/%m/%d'),'설날');
INSERT INTO MC_HOLIDAY (HOLIDAY_SEQ,HOLIDAY,TITLE) VALUES (351,DATE_FORMAT('43/02/10','%Y/%m/%d'),'설날');
INSERT INTO MC_HOLIDAY (HOLIDAY_SEQ,HOLIDAY,TITLE) VALUES (352,DATE_FORMAT('43/02/11','%Y/%m/%d'),'설날');
INSERT INTO MC_HOLIDAY (HOLIDAY_SEQ,HOLIDAY,TITLE) VALUES (353,DATE_FORMAT('44/01/29','%Y/%m/%d'),'설날');
INSERT INTO MC_HOLIDAY (HOLIDAY_SEQ,HOLIDAY,TITLE) VALUES (354,DATE_FORMAT('44/01/30','%Y/%m/%d'),'설날');
INSERT INTO MC_HOLIDAY (HOLIDAY_SEQ,HOLIDAY,TITLE) VALUES (355,DATE_FORMAT('44/01/31','%Y/%m/%d'),'설날');
INSERT INTO MC_HOLIDAY (HOLIDAY_SEQ,HOLIDAY,TITLE) VALUES (356,DATE_FORMAT('45/02/16','%Y/%m/%d'),'설날');
INSERT INTO MC_HOLIDAY (HOLIDAY_SEQ,HOLIDAY,TITLE) VALUES (357,DATE_FORMAT('45/02/17','%Y/%m/%d'),'설날');
INSERT INTO MC_HOLIDAY (HOLIDAY_SEQ,HOLIDAY,TITLE) VALUES (358,DATE_FORMAT('45/02/18','%Y/%m/%d'),'설날');
INSERT INTO MC_HOLIDAY (HOLIDAY_SEQ,HOLIDAY,TITLE) VALUES (359,DATE_FORMAT('46/02/05','%Y/%m/%d'),'설날');
INSERT INTO MC_HOLIDAY (HOLIDAY_SEQ,HOLIDAY,TITLE) VALUES (360,DATE_FORMAT('46/02/06','%Y/%m/%d'),'설날');
INSERT INTO MC_HOLIDAY (HOLIDAY_SEQ,HOLIDAY,TITLE) VALUES (361,DATE_FORMAT('46/02/07','%Y/%m/%d'),'설날');
INSERT INTO MC_HOLIDAY (HOLIDAY_SEQ,HOLIDAY,TITLE) VALUES (362,DATE_FORMAT('47/01/25','%Y/%m/%d'),'설날');
INSERT INTO MC_HOLIDAY (HOLIDAY_SEQ,HOLIDAY,TITLE) VALUES (363,DATE_FORMAT('47/01/26','%Y/%m/%d'),'설날');
INSERT INTO MC_HOLIDAY (HOLIDAY_SEQ,HOLIDAY,TITLE) VALUES (364,DATE_FORMAT('47/01/27','%Y/%m/%d'),'설날');
INSERT INTO MC_HOLIDAY (HOLIDAY_SEQ,HOLIDAY,TITLE) VALUES (365,DATE_FORMAT('48/02/13','%Y/%m/%d'),'설날');
INSERT INTO MC_HOLIDAY (HOLIDAY_SEQ,HOLIDAY,TITLE) VALUES (366,DATE_FORMAT('48/02/14','%Y/%m/%d'),'설날');
INSERT INTO MC_HOLIDAY (HOLIDAY_SEQ,HOLIDAY,TITLE) VALUES (367,DATE_FORMAT('48/02/15','%Y/%m/%d'),'설날');
INSERT INTO MC_HOLIDAY (HOLIDAY_SEQ,HOLIDAY,TITLE) VALUES (368,DATE_FORMAT('49/02/01','%Y/%m/%d'),'설날');
INSERT INTO MC_HOLIDAY (HOLIDAY_SEQ,HOLIDAY,TITLE) VALUES (369,DATE_FORMAT('49/02/02','%Y/%m/%d'),'설날');
INSERT INTO MC_HOLIDAY (HOLIDAY_SEQ,HOLIDAY,TITLE) VALUES (370,DATE_FORMAT('49/02/03','%Y/%m/%d'),'설날');
INSERT INTO MC_HOLIDAY (HOLIDAY_SEQ,HOLIDAY,TITLE) VALUES (371,DATE_FORMAT('50/01/22','%Y/%m/%d'),'설날');
INSERT INTO MC_HOLIDAY (HOLIDAY_SEQ,HOLIDAY,TITLE) VALUES (372,DATE_FORMAT('50/01/23','%Y/%m/%d'),'설날');
INSERT INTO MC_HOLIDAY (HOLIDAY_SEQ,HOLIDAY,TITLE) VALUES (373,DATE_FORMAT('50/01/24','%Y/%m/%d'),'설날');
INSERT INTO MC_HOLIDAY (HOLIDAY_SEQ,HOLIDAY,TITLE) VALUES (374,DATE_FORMAT('14/05/06','%Y/%m/%d'),'석가탄신일');
INSERT INTO MC_HOLIDAY (HOLIDAY_SEQ,HOLIDAY,TITLE) VALUES (375,DATE_FORMAT('15/05/25','%Y/%m/%d'),'석가탄신일');
INSERT INTO MC_HOLIDAY (HOLIDAY_SEQ,HOLIDAY,TITLE) VALUES (376,DATE_FORMAT('16/05/14','%Y/%m/%d'),'석가탄신일');
INSERT INTO MC_HOLIDAY (HOLIDAY_SEQ,HOLIDAY,TITLE) VALUES (377,DATE_FORMAT('17/05/03','%Y/%m/%d'),'석가탄신일');
INSERT INTO MC_HOLIDAY (HOLIDAY_SEQ,HOLIDAY,TITLE) VALUES (378,DATE_FORMAT('18/05/22','%Y/%m/%d'),'석가탄신일');
INSERT INTO MC_HOLIDAY (HOLIDAY_SEQ,HOLIDAY,TITLE) VALUES (379,DATE_FORMAT('19/05/12','%Y/%m/%d'),'석가탄신일');
INSERT INTO MC_HOLIDAY (HOLIDAY_SEQ,HOLIDAY,TITLE) VALUES (380,DATE_FORMAT('20/04/30','%Y/%m/%d'),'석가탄신일');
INSERT INTO MC_HOLIDAY (HOLIDAY_SEQ,HOLIDAY,TITLE) VALUES (381,DATE_FORMAT('21/05/19','%Y/%m/%d'),'석가탄신일');
INSERT INTO MC_HOLIDAY (HOLIDAY_SEQ,HOLIDAY,TITLE) VALUES (382,DATE_FORMAT('22/05/08','%Y/%m/%d'),'석가탄신일');
INSERT INTO MC_HOLIDAY (HOLIDAY_SEQ,HOLIDAY,TITLE) VALUES (383,DATE_FORMAT('23/05/27','%Y/%m/%d'),'석가탄신일');
INSERT INTO MC_HOLIDAY (HOLIDAY_SEQ,HOLIDAY,TITLE) VALUES (384,DATE_FORMAT('24/05/15','%Y/%m/%d'),'석가탄신일');
INSERT INTO MC_HOLIDAY (HOLIDAY_SEQ,HOLIDAY,TITLE) VALUES (385,DATE_FORMAT('26/05/24','%Y/%m/%d'),'석가탄신일');
INSERT INTO MC_HOLIDAY (HOLIDAY_SEQ,HOLIDAY,TITLE) VALUES (386,DATE_FORMAT('27/05/13','%Y/%m/%d'),'석가탄신일');
INSERT INTO MC_HOLIDAY (HOLIDAY_SEQ,HOLIDAY,TITLE) VALUES (387,DATE_FORMAT('28/05/02','%Y/%m/%d'),'석가탄신일');
INSERT INTO MC_HOLIDAY (HOLIDAY_SEQ,HOLIDAY,TITLE) VALUES (388,DATE_FORMAT('29/05/20','%Y/%m/%d'),'석가탄신일');
INSERT INTO MC_HOLIDAY (HOLIDAY_SEQ,HOLIDAY,TITLE) VALUES (389,DATE_FORMAT('30/05/09','%Y/%m/%d'),'석가탄신일');
INSERT INTO MC_HOLIDAY (HOLIDAY_SEQ,HOLIDAY,TITLE) VALUES (390,DATE_FORMAT('31/05/28','%Y/%m/%d'),'석가탄신일');
INSERT INTO MC_HOLIDAY (HOLIDAY_SEQ,HOLIDAY,TITLE) VALUES (391,DATE_FORMAT('32/05/16','%Y/%m/%d'),'석가탄신일');
INSERT INTO MC_HOLIDAY (HOLIDAY_SEQ,HOLIDAY,TITLE) VALUES (392,DATE_FORMAT('33/05/06','%Y/%m/%d'),'석가탄신일');
INSERT INTO MC_HOLIDAY (HOLIDAY_SEQ,HOLIDAY,TITLE) VALUES (393,DATE_FORMAT('34/05/25','%Y/%m/%d'),'석가탄신일');
INSERT INTO MC_HOLIDAY (HOLIDAY_SEQ,HOLIDAY,TITLE) VALUES (394,DATE_FORMAT('35/05/15','%Y/%m/%d'),'석가탄신일');
INSERT INTO MC_HOLIDAY (HOLIDAY_SEQ,HOLIDAY,TITLE) VALUES (395,DATE_FORMAT('36/05/03','%Y/%m/%d'),'석가탄신일');
INSERT INTO MC_HOLIDAY (HOLIDAY_SEQ,HOLIDAY,TITLE) VALUES (396,DATE_FORMAT('37/05/22','%Y/%m/%d'),'석가탄신일');
INSERT INTO MC_HOLIDAY (HOLIDAY_SEQ,HOLIDAY,TITLE) VALUES (397,DATE_FORMAT('38/05/11','%Y/%m/%d'),'석가탄신일');
INSERT INTO MC_HOLIDAY (HOLIDAY_SEQ,HOLIDAY,TITLE) VALUES (398,DATE_FORMAT('39/04/30','%Y/%m/%d'),'석가탄신일');
INSERT INTO MC_HOLIDAY (HOLIDAY_SEQ,HOLIDAY,TITLE) VALUES (399,DATE_FORMAT('40/05/18','%Y/%m/%d'),'석가탄신일');
INSERT INTO MC_HOLIDAY (HOLIDAY_SEQ,HOLIDAY,TITLE) VALUES (400,DATE_FORMAT('41/05/07','%Y/%m/%d'),'석가탄신일');
INSERT INTO MC_HOLIDAY (HOLIDAY_SEQ,HOLIDAY,TITLE) VALUES (401,DATE_FORMAT('42/05/26','%Y/%m/%d'),'석가탄신일');
INSERT INTO MC_HOLIDAY (HOLIDAY_SEQ,HOLIDAY,TITLE) VALUES (402,DATE_FORMAT('43/05/16','%Y/%m/%d'),'석가탄신일');
INSERT INTO MC_HOLIDAY (HOLIDAY_SEQ,HOLIDAY,TITLE) VALUES (403,DATE_FORMAT('45/05/24','%Y/%m/%d'),'석가탄신일');
INSERT INTO MC_HOLIDAY (HOLIDAY_SEQ,HOLIDAY,TITLE) VALUES (404,DATE_FORMAT('46/05/13','%Y/%m/%d'),'석가탄신일');
INSERT INTO MC_HOLIDAY (HOLIDAY_SEQ,HOLIDAY,TITLE) VALUES (405,DATE_FORMAT('47/05/02','%Y/%m/%d'),'석가탄신일');
INSERT INTO MC_HOLIDAY (HOLIDAY_SEQ,HOLIDAY,TITLE) VALUES (406,DATE_FORMAT('48/05/20','%Y/%m/%d'),'석가탄신일');
INSERT INTO MC_HOLIDAY (HOLIDAY_SEQ,HOLIDAY,TITLE) VALUES (407,DATE_FORMAT('49/05/09','%Y/%m/%d'),'석가탄신일');
INSERT INTO MC_HOLIDAY (HOLIDAY_SEQ,HOLIDAY,TITLE) VALUES (408,DATE_FORMAT('50/05/28','%Y/%m/%d'),'석가탄신일');
INSERT INTO MC_HOLIDAY (HOLIDAY_SEQ,HOLIDAY,TITLE) VALUES (409,DATE_FORMAT('14/08/15','%Y/%m/%d'),'광복절');
INSERT INTO MC_HOLIDAY (HOLIDAY_SEQ,HOLIDAY,TITLE) VALUES (410,DATE_FORMAT('15/08/15','%Y/%m/%d'),'광복절');
INSERT INTO MC_HOLIDAY (HOLIDAY_SEQ,HOLIDAY,TITLE) VALUES (411,DATE_FORMAT('16/08/15','%Y/%m/%d'),'광복절');
INSERT INTO MC_HOLIDAY (HOLIDAY_SEQ,HOLIDAY,TITLE) VALUES (412,DATE_FORMAT('17/08/15','%Y/%m/%d'),'광복절');
INSERT INTO MC_HOLIDAY (HOLIDAY_SEQ,HOLIDAY,TITLE) VALUES (413,DATE_FORMAT('18/08/15','%Y/%m/%d'),'광복절');
INSERT INTO MC_HOLIDAY (HOLIDAY_SEQ,HOLIDAY,TITLE) VALUES (414,DATE_FORMAT('19/08/15','%Y/%m/%d'),'광복절');
INSERT INTO MC_HOLIDAY (HOLIDAY_SEQ,HOLIDAY,TITLE) VALUES (415,DATE_FORMAT('20/08/15','%Y/%m/%d'),'광복절');
INSERT INTO MC_HOLIDAY (HOLIDAY_SEQ,HOLIDAY,TITLE) VALUES (416,DATE_FORMAT('21/08/15','%Y/%m/%d'),'광복절');
INSERT INTO MC_HOLIDAY (HOLIDAY_SEQ,HOLIDAY,TITLE) VALUES (417,DATE_FORMAT('22/08/15','%Y/%m/%d'),'광복절');
INSERT INTO MC_HOLIDAY (HOLIDAY_SEQ,HOLIDAY,TITLE) VALUES (418,DATE_FORMAT('23/08/15','%Y/%m/%d'),'광복절');
INSERT INTO MC_HOLIDAY (HOLIDAY_SEQ,HOLIDAY,TITLE) VALUES (419,DATE_FORMAT('24/08/15','%Y/%m/%d'),'광복절');
INSERT INTO MC_HOLIDAY (HOLIDAY_SEQ,HOLIDAY,TITLE) VALUES (420,DATE_FORMAT('25/08/15','%Y/%m/%d'),'광복절');
INSERT INTO MC_HOLIDAY (HOLIDAY_SEQ,HOLIDAY,TITLE) VALUES (421,DATE_FORMAT('26/08/15','%Y/%m/%d'),'광복절');
INSERT INTO MC_HOLIDAY (HOLIDAY_SEQ,HOLIDAY,TITLE) VALUES (422,DATE_FORMAT('27/08/15','%Y/%m/%d'),'광복절');
INSERT INTO MC_HOLIDAY (HOLIDAY_SEQ,HOLIDAY,TITLE) VALUES (423,DATE_FORMAT('28/08/15','%Y/%m/%d'),'광복절');
INSERT INTO MC_HOLIDAY (HOLIDAY_SEQ,HOLIDAY,TITLE) VALUES (424,DATE_FORMAT('29/08/15','%Y/%m/%d'),'광복절');
INSERT INTO MC_HOLIDAY (HOLIDAY_SEQ,HOLIDAY,TITLE) VALUES (425,DATE_FORMAT('30/08/15','%Y/%m/%d'),'광복절');
INSERT INTO MC_HOLIDAY (HOLIDAY_SEQ,HOLIDAY,TITLE) VALUES (426,DATE_FORMAT('31/08/15','%Y/%m/%d'),'광복절');
INSERT INTO MC_HOLIDAY (HOLIDAY_SEQ,HOLIDAY,TITLE) VALUES (427,DATE_FORMAT('32/08/15','%Y/%m/%d'),'광복절');
INSERT INTO MC_HOLIDAY (HOLIDAY_SEQ,HOLIDAY,TITLE) VALUES (428,DATE_FORMAT('33/08/15','%Y/%m/%d'),'광복절');
INSERT INTO MC_HOLIDAY (HOLIDAY_SEQ,HOLIDAY,TITLE) VALUES (429,DATE_FORMAT('34/08/15','%Y/%m/%d'),'광복절');
INSERT INTO MC_HOLIDAY (HOLIDAY_SEQ,HOLIDAY,TITLE) VALUES (430,DATE_FORMAT('35/08/15','%Y/%m/%d'),'광복절');
INSERT INTO MC_HOLIDAY (HOLIDAY_SEQ,HOLIDAY,TITLE) VALUES (431,DATE_FORMAT('36/08/15','%Y/%m/%d'),'광복절');
INSERT INTO MC_HOLIDAY (HOLIDAY_SEQ,HOLIDAY,TITLE) VALUES (432,DATE_FORMAT('37/08/15','%Y/%m/%d'),'광복절');
INSERT INTO MC_HOLIDAY (HOLIDAY_SEQ,HOLIDAY,TITLE) VALUES (433,DATE_FORMAT('38/08/15','%Y/%m/%d'),'광복절');
INSERT INTO MC_HOLIDAY (HOLIDAY_SEQ,HOLIDAY,TITLE) VALUES (434,DATE_FORMAT('39/08/15','%Y/%m/%d'),'광복절');
INSERT INTO MC_HOLIDAY (HOLIDAY_SEQ,HOLIDAY,TITLE) VALUES (435,DATE_FORMAT('40/08/15','%Y/%m/%d'),'광복절');
INSERT INTO MC_HOLIDAY (HOLIDAY_SEQ,HOLIDAY,TITLE) VALUES (436,DATE_FORMAT('41/08/15','%Y/%m/%d'),'광복절');
INSERT INTO MC_HOLIDAY (HOLIDAY_SEQ,HOLIDAY,TITLE) VALUES (437,DATE_FORMAT('42/08/15','%Y/%m/%d'),'광복절');
INSERT INTO MC_HOLIDAY (HOLIDAY_SEQ,HOLIDAY,TITLE) VALUES (438,DATE_FORMAT('43/08/15','%Y/%m/%d'),'광복절');
INSERT INTO MC_HOLIDAY (HOLIDAY_SEQ,HOLIDAY,TITLE) VALUES (439,DATE_FORMAT('44/08/15','%Y/%m/%d'),'광복절');
INSERT INTO MC_HOLIDAY (HOLIDAY_SEQ,HOLIDAY,TITLE) VALUES (440,DATE_FORMAT('45/08/15','%Y/%m/%d'),'광복절');
INSERT INTO MC_HOLIDAY (HOLIDAY_SEQ,HOLIDAY,TITLE) VALUES (441,DATE_FORMAT('46/08/15','%Y/%m/%d'),'광복절');
INSERT INTO MC_HOLIDAY (HOLIDAY_SEQ,HOLIDAY,TITLE) VALUES (442,DATE_FORMAT('47/08/15','%Y/%m/%d'),'광복절');
INSERT INTO MC_HOLIDAY (HOLIDAY_SEQ,HOLIDAY,TITLE) VALUES (443,DATE_FORMAT('48/08/15','%Y/%m/%d'),'광복절');
INSERT INTO MC_HOLIDAY (HOLIDAY_SEQ,HOLIDAY,TITLE) VALUES (444,DATE_FORMAT('49/08/15','%Y/%m/%d'),'광복절');
INSERT INTO MC_HOLIDAY (HOLIDAY_SEQ,HOLIDAY,TITLE) VALUES (445,DATE_FORMAT('50/08/15','%Y/%m/%d'),'광복절');
INSERT INTO MC_HOLIDAY (HOLIDAY_SEQ,HOLIDAY,TITLE) VALUES (446,DATE_FORMAT('14/10/03','%Y/%m/%d'),'개천절');
INSERT INTO MC_HOLIDAY (HOLIDAY_SEQ,HOLIDAY,TITLE) VALUES (447,DATE_FORMAT('15/10/03','%Y/%m/%d'),'개천절');
INSERT INTO MC_HOLIDAY (HOLIDAY_SEQ,HOLIDAY,TITLE) VALUES (448,DATE_FORMAT('16/10/03','%Y/%m/%d'),'개천절');
INSERT INTO MC_HOLIDAY (HOLIDAY_SEQ,HOLIDAY,TITLE) VALUES (449,DATE_FORMAT('18/10/03','%Y/%m/%d'),'개천절');
INSERT INTO MC_HOLIDAY (HOLIDAY_SEQ,HOLIDAY,TITLE) VALUES (450,DATE_FORMAT('19/10/03','%Y/%m/%d'),'개천절');
INSERT INTO MC_HOLIDAY (HOLIDAY_SEQ,HOLIDAY,TITLE) VALUES (451,DATE_FORMAT('20/10/03','%Y/%m/%d'),'개천절');
INSERT INTO MC_HOLIDAY (HOLIDAY_SEQ,HOLIDAY,TITLE) VALUES (452,DATE_FORMAT('21/10/03','%Y/%m/%d'),'개천절');
INSERT INTO MC_HOLIDAY (HOLIDAY_SEQ,HOLIDAY,TITLE) VALUES (453,DATE_FORMAT('22/10/03','%Y/%m/%d'),'개천절');
INSERT INTO MC_HOLIDAY (HOLIDAY_SEQ,HOLIDAY,TITLE) VALUES (454,DATE_FORMAT('23/10/03','%Y/%m/%d'),'개천절');
INSERT INTO MC_HOLIDAY (HOLIDAY_SEQ,HOLIDAY,TITLE) VALUES (455,DATE_FORMAT('24/10/03','%Y/%m/%d'),'개천절');
INSERT INTO MC_HOLIDAY (HOLIDAY_SEQ,HOLIDAY,TITLE) VALUES (456,DATE_FORMAT('25/10/03','%Y/%m/%d'),'개천절');
INSERT INTO MC_HOLIDAY (HOLIDAY_SEQ,HOLIDAY,TITLE) VALUES (457,DATE_FORMAT('26/10/03','%Y/%m/%d'),'개천절');
INSERT INTO MC_HOLIDAY (HOLIDAY_SEQ,HOLIDAY,TITLE) VALUES (458,DATE_FORMAT('27/10/03','%Y/%m/%d'),'개천절');
INSERT INTO MC_HOLIDAY (HOLIDAY_SEQ,HOLIDAY,TITLE) VALUES (459,DATE_FORMAT('29/10/03','%Y/%m/%d'),'개천절');
INSERT INTO MC_HOLIDAY (HOLIDAY_SEQ,HOLIDAY,TITLE) VALUES (460,DATE_FORMAT('30/10/03','%Y/%m/%d'),'개천절');
INSERT INTO MC_HOLIDAY (HOLIDAY_SEQ,HOLIDAY,TITLE) VALUES (461,DATE_FORMAT('31/10/03','%Y/%m/%d'),'개천절');
INSERT INTO MC_HOLIDAY (HOLIDAY_SEQ,HOLIDAY,TITLE) VALUES (462,DATE_FORMAT('32/10/03','%Y/%m/%d'),'개천절');
INSERT INTO MC_HOLIDAY (HOLIDAY_SEQ,HOLIDAY,TITLE) VALUES (463,DATE_FORMAT('33/10/03','%Y/%m/%d'),'개천절');
INSERT INTO MC_HOLIDAY (HOLIDAY_SEQ,HOLIDAY,TITLE) VALUES (464,DATE_FORMAT('34/10/03','%Y/%m/%d'),'개천절');
INSERT INTO MC_HOLIDAY (HOLIDAY_SEQ,HOLIDAY,TITLE) VALUES (465,DATE_FORMAT('35/10/03','%Y/%m/%d'),'개천절');
INSERT INTO MC_HOLIDAY (HOLIDAY_SEQ,HOLIDAY,TITLE) VALUES (466,DATE_FORMAT('37/10/03','%Y/%m/%d'),'개천절');
INSERT INTO MC_HOLIDAY (HOLIDAY_SEQ,HOLIDAY,TITLE) VALUES (467,DATE_FORMAT('38/10/03','%Y/%m/%d'),'개천절');
INSERT INTO MC_HOLIDAY (HOLIDAY_SEQ,HOLIDAY,TITLE) VALUES (468,DATE_FORMAT('40/10/03','%Y/%m/%d'),'개천절');
INSERT INTO MC_HOLIDAY (HOLIDAY_SEQ,HOLIDAY,TITLE) VALUES (469,DATE_FORMAT('41/10/03','%Y/%m/%d'),'개천절');
INSERT INTO MC_HOLIDAY (HOLIDAY_SEQ,HOLIDAY,TITLE) VALUES (470,DATE_FORMAT('42/10/03','%Y/%m/%d'),'개천절');
INSERT INTO MC_HOLIDAY (HOLIDAY_SEQ,HOLIDAY,TITLE) VALUES (471,DATE_FORMAT('43/10/03','%Y/%m/%d'),'개천절');
INSERT INTO MC_HOLIDAY (HOLIDAY_SEQ,HOLIDAY,TITLE) VALUES (472,DATE_FORMAT('44/10/03','%Y/%m/%d'),'개천절');
INSERT INTO MC_HOLIDAY (HOLIDAY_SEQ,HOLIDAY,TITLE) VALUES (473,DATE_FORMAT('45/10/03','%Y/%m/%d'),'개천절');
INSERT INTO MC_HOLIDAY (HOLIDAY_SEQ,HOLIDAY,TITLE) VALUES (474,DATE_FORMAT('46/10/03','%Y/%m/%d'),'개천절');
INSERT INTO MC_HOLIDAY (HOLIDAY_SEQ,HOLIDAY,TITLE) VALUES (475,DATE_FORMAT('47/10/03','%Y/%m/%d'),'개천절');
INSERT INTO MC_HOLIDAY (HOLIDAY_SEQ,HOLIDAY,TITLE) VALUES (476,DATE_FORMAT('48/10/03','%Y/%m/%d'),'개천절');
INSERT INTO MC_HOLIDAY (HOLIDAY_SEQ,HOLIDAY,TITLE) VALUES (477,DATE_FORMAT('49/10/03','%Y/%m/%d'),'개천절');
INSERT INTO MC_HOLIDAY (HOLIDAY_SEQ,HOLIDAY,TITLE) VALUES (478,DATE_FORMAT('50/10/03','%Y/%m/%d'),'개천절');
INSERT INTO MC_HOLIDAY (HOLIDAY_SEQ,HOLIDAY,TITLE) VALUES (479,DATE_FORMAT('14/03/01','%Y/%m/%d'),'3·1절');
INSERT INTO MC_HOLIDAY (HOLIDAY_SEQ,HOLIDAY,TITLE) VALUES (480,DATE_FORMAT('15/03/01','%Y/%m/%d'),'3·1절');
INSERT INTO MC_HOLIDAY (HOLIDAY_SEQ,HOLIDAY,TITLE) VALUES (481,DATE_FORMAT('16/03/01','%Y/%m/%d'),'3·1절');
INSERT INTO MC_HOLIDAY (HOLIDAY_SEQ,HOLIDAY,TITLE) VALUES (482,DATE_FORMAT('17/03/01','%Y/%m/%d'),'3·1절');
INSERT INTO MC_HOLIDAY (HOLIDAY_SEQ,HOLIDAY,TITLE) VALUES (483,DATE_FORMAT('18/03/01','%Y/%m/%d'),'3·1절');
INSERT INTO MC_HOLIDAY (HOLIDAY_SEQ,HOLIDAY,TITLE) VALUES (484,DATE_FORMAT('19/03/01','%Y/%m/%d'),'3·1절');
INSERT INTO MC_HOLIDAY (HOLIDAY_SEQ,HOLIDAY,TITLE) VALUES (485,DATE_FORMAT('20/03/01','%Y/%m/%d'),'3·1절');
INSERT INTO MC_HOLIDAY (HOLIDAY_SEQ,HOLIDAY,TITLE) VALUES (486,DATE_FORMAT('21/03/01','%Y/%m/%d'),'3·1절');
INSERT INTO MC_HOLIDAY (HOLIDAY_SEQ,HOLIDAY,TITLE) VALUES (487,DATE_FORMAT('22/03/01','%Y/%m/%d'),'3·1절');
INSERT INTO MC_HOLIDAY (HOLIDAY_SEQ,HOLIDAY,TITLE) VALUES (488,DATE_FORMAT('23/03/01','%Y/%m/%d'),'3·1절');
INSERT INTO MC_HOLIDAY (HOLIDAY_SEQ,HOLIDAY,TITLE) VALUES (489,DATE_FORMAT('24/03/01','%Y/%m/%d'),'3·1절');
INSERT INTO MC_HOLIDAY (HOLIDAY_SEQ,HOLIDAY,TITLE) VALUES (490,DATE_FORMAT('25/03/01','%Y/%m/%d'),'3·1절');
INSERT INTO MC_HOLIDAY (HOLIDAY_SEQ,HOLIDAY,TITLE) VALUES (491,DATE_FORMAT('26/03/01','%Y/%m/%d'),'3·1절');
INSERT INTO MC_HOLIDAY (HOLIDAY_SEQ,HOLIDAY,TITLE) VALUES (492,DATE_FORMAT('27/03/01','%Y/%m/%d'),'3·1절');
INSERT INTO MC_HOLIDAY (HOLIDAY_SEQ,HOLIDAY,TITLE) VALUES (493,DATE_FORMAT('28/03/01','%Y/%m/%d'),'3·1절');
INSERT INTO MC_HOLIDAY (HOLIDAY_SEQ,HOLIDAY,TITLE) VALUES (494,DATE_FORMAT('29/03/01','%Y/%m/%d'),'3·1절');
INSERT INTO MC_HOLIDAY (HOLIDAY_SEQ,HOLIDAY,TITLE) VALUES (495,DATE_FORMAT('30/03/01','%Y/%m/%d'),'3·1절');
INSERT INTO MC_HOLIDAY (HOLIDAY_SEQ,HOLIDAY,TITLE) VALUES (496,DATE_FORMAT('31/03/01','%Y/%m/%d'),'3·1절');
INSERT INTO MC_HOLIDAY (HOLIDAY_SEQ,HOLIDAY,TITLE) VALUES (497,DATE_FORMAT('32/03/01','%Y/%m/%d'),'3·1절');
INSERT INTO MC_HOLIDAY (HOLIDAY_SEQ,HOLIDAY,TITLE) VALUES (498,DATE_FORMAT('33/03/01','%Y/%m/%d'),'3·1절');
INSERT INTO MC_HOLIDAY (HOLIDAY_SEQ,HOLIDAY,TITLE) VALUES (499,DATE_FORMAT('34/03/01','%Y/%m/%d'),'3·1절');
INSERT INTO MC_HOLIDAY (HOLIDAY_SEQ,HOLIDAY,TITLE) VALUES (500,DATE_FORMAT('35/03/01','%Y/%m/%d'),'3·1절');
INSERT INTO MC_HOLIDAY (HOLIDAY_SEQ,HOLIDAY,TITLE) VALUES (501,DATE_FORMAT('36/03/01','%Y/%m/%d'),'3·1절');
INSERT INTO MC_HOLIDAY (HOLIDAY_SEQ,HOLIDAY,TITLE) VALUES (502,DATE_FORMAT('37/03/01','%Y/%m/%d'),'3·1절');
INSERT INTO MC_HOLIDAY (HOLIDAY_SEQ,HOLIDAY,TITLE) VALUES (503,DATE_FORMAT('38/03/01','%Y/%m/%d'),'3·1절');
INSERT INTO MC_HOLIDAY (HOLIDAY_SEQ,HOLIDAY,TITLE) VALUES (504,DATE_FORMAT('39/03/01','%Y/%m/%d'),'3·1절');
INSERT INTO MC_HOLIDAY (HOLIDAY_SEQ,HOLIDAY,TITLE) VALUES (505,DATE_FORMAT('40/03/01','%Y/%m/%d'),'3·1절');
INSERT INTO MC_HOLIDAY (HOLIDAY_SEQ,HOLIDAY,TITLE) VALUES (506,DATE_FORMAT('41/03/01','%Y/%m/%d'),'3·1절');
INSERT INTO MC_HOLIDAY (HOLIDAY_SEQ,HOLIDAY,TITLE) VALUES (507,DATE_FORMAT('42/03/01','%Y/%m/%d'),'3·1절');
INSERT INTO MC_HOLIDAY (HOLIDAY_SEQ,HOLIDAY,TITLE) VALUES (508,DATE_FORMAT('43/03/01','%Y/%m/%d'),'3·1절');
INSERT INTO MC_HOLIDAY (HOLIDAY_SEQ,HOLIDAY,TITLE) VALUES (509,DATE_FORMAT('44/03/01','%Y/%m/%d'),'3·1절');
INSERT INTO MC_HOLIDAY (HOLIDAY_SEQ,HOLIDAY,TITLE) VALUES (510,DATE_FORMAT('45/03/01','%Y/%m/%d'),'3·1절');
INSERT INTO MC_HOLIDAY (HOLIDAY_SEQ,HOLIDAY,TITLE) VALUES (511,DATE_FORMAT('46/03/01','%Y/%m/%d'),'3·1절');
INSERT INTO MC_HOLIDAY (HOLIDAY_SEQ,HOLIDAY,TITLE) VALUES (512,DATE_FORMAT('47/03/01','%Y/%m/%d'),'3·1절');
INSERT INTO MC_HOLIDAY (HOLIDAY_SEQ,HOLIDAY,TITLE) VALUES (513,DATE_FORMAT('48/03/01','%Y/%m/%d'),'3·1절');
INSERT INTO MC_HOLIDAY (HOLIDAY_SEQ,HOLIDAY,TITLE) VALUES (514,DATE_FORMAT('49/03/01','%Y/%m/%d'),'3·1절');
INSERT INTO MC_HOLIDAY (HOLIDAY_SEQ,HOLIDAY,TITLE) VALUES (515,DATE_FORMAT('50/03/01','%Y/%m/%d'),'3·1절');
INSERT INTO MC_HOLIDAY (HOLIDAY_SEQ,HOLIDAY,TITLE) VALUES (516,DATE_FORMAT('14/05/01','%Y/%m/%d'),'근로자의날');

INSERT INTO MC_BOARD_COLUMN (ORDER_NUM,COL_CODE,COL_KOR,COL_HELPER, COL_EDIT) VALUES ('1','rn','번호','리스트 페이지에서 보여주기만 가능하며, 수정은 불가능합니다.', 'N');
INSERT INTO MC_BOARD_COLUMN (ORDER_NUM,COL_CODE,COL_KOR,COL_HELPER, COL_EDIT) VALUES ('3','title','제목','제목을 입력하는 필드이며, 게시판의 필수항목입니다.', 'Y');
INSERT INTO MC_BOARD_COLUMN (ORDER_NUM,COL_CODE,COL_KOR,COL_HELPER, COL_EDIT) VALUES ('4','conts','내용','게시물의 내용을 입력하는 필드로 에디터로 구성되어 있습니다.', 'Y');
INSERT INTO MC_BOARD_COLUMN (ORDER_NUM,COL_CODE,COL_KOR,COL_HELPER, COL_EDIT) VALUES ('5','ip','등록자아이피','게시물 등록자의 아이피가 자동으로 입력되며, 보여주기만 가능하고 수정은 불가합니다.', 'N');
INSERT INTO MC_BOARD_COLUMN (ORDER_NUM,COL_CODE,COL_KOR,COL_HELPER, COL_EDIT) VALUES ('6','view_cnt','조회수','게시물의 조회수를 보여주며, 수정은 불가능합니다.', 'N');
INSERT INTO MC_BOARD_COLUMN (ORDER_NUM,COL_CODE,COL_KOR,COL_HELPER, COL_EDIT) VALUES ('7','public_yn','공개/비공개','게시물의 공개 비공개를 선택 할 수 있도록 합니다.', 'Y');
INSERT INTO MC_BOARD_COLUMN (ORDER_NUM,COL_CODE,COL_KOR,COL_HELPER, COL_EDIT) VALUES ('8','notice_yn','공지','관리자 전용 기능으로 게시물을 최상단에 보이도록 하는 기능입니다.', 'Y');
INSERT INTO MC_BOARD_COLUMN (ORDER_NUM,COL_CODE,COL_KOR,COL_HELPER, COL_EDIT) VALUES ('9','cat_nm','카테고리','반드시 카테고리를 생성 후 사용해야 하며, 게시물의 카테고리를 지정해주는 기능을 합니다.', 'Y');
INSERT INTO MC_BOARD_COLUMN (ORDER_NUM,COL_CODE,COL_KOR,COL_HELPER, COL_EDIT) VALUES ('10','thumb','썸네일','내용 컬럼과 같이 사용해야 하며, 에디터에서 등록된 이미지를 썸네일로 보여주기만 가능합니다.', 'Y');
INSERT INTO MC_BOARD_COLUMN (ORDER_NUM,COL_CODE,COL_KOR,COL_HELPER, COL_EDIT) VALUES ('11','password','패스워드','게시물 등록시 비밀번호를 입력하며, 한번 등록되면 수정은 불가능합니다.', 'N');
INSERT INTO MC_BOARD_COLUMN (ORDER_NUM,COL_CODE,COL_KOR,COL_HELPER, COL_EDIT) VALUES ('12','sdate','시작일','날짜를 선택할 수 있도록 기능을 제공 합니다.', 'Y');
INSERT INTO MC_BOARD_COLUMN (ORDER_NUM,COL_CODE,COL_KOR,COL_HELPER, COL_EDIT) VALUES ('13','edate','종료일','날짜를 선택할 수 있도록 기능을 제공 합니다.', 'Y');
INSERT INTO MC_BOARD_COLUMN (ORDER_NUM,COL_CODE,COL_KOR,COL_HELPER, COL_EDIT) VALUES ('14','reg_dt','등록일','게시물의 등록일을 보여주며, 수정이 불가능합니다.', 'N');
INSERT INTO MC_BOARD_COLUMN (ORDER_NUM,COL_CODE,COL_KOR,COL_HELPER, COL_EDIT) VALUES ('15','reg_id','등록자아이디','게시물의 등록자 아이디가 보이며, 수정이 불가능합니다.', 'N');
INSERT INTO MC_BOARD_COLUMN (ORDER_NUM,COL_CODE,COL_KOR,COL_HELPER, COL_EDIT) VALUES ('16','reg_nm','등록자이름','게시물의 등록자 이름이 보이며, 사용자는 수정이 가능합니다.', 'Y');
INSERT INTO MC_BOARD_COLUMN (ORDER_NUM,COL_CODE,COL_KOR,COL_HELPER, COL_EDIT) VALUES ('17','tel','일반전화','게시물에서 일반전화 번호를 입력 받을 수 있는 기능을 제공합니다.', 'Y');
INSERT INTO MC_BOARD_COLUMN (ORDER_NUM,COL_CODE,COL_KOR,COL_HELPER, COL_EDIT) VALUES ('18','cell','휴대전화','게시물에서 휴대전화 번호를 입력 받을 수 있는 기능을 제공합니다.', 'Y');
INSERT INTO MC_BOARD_COLUMN (ORDER_NUM,COL_CODE,COL_KOR,COL_HELPER, COL_EDIT) VALUES ('19','email','이메일','게시물에서 이메일을 입력 받을 수 있는 기능을 제공합니다.', 'Y');
INSERT INTO MC_BOARD_COLUMN (ORDER_NUM,COL_CODE,COL_KOR,COL_HELPER, COL_EDIT) VALUES ('20','etc01','기타1','INPUT TEXT 필드', 'Y');
INSERT INTO MC_BOARD_COLUMN (ORDER_NUM,COL_CODE,COL_KOR,COL_HELPER, COL_EDIT) VALUES ('21','etc02','기타2','INPUT TEXT 필드', 'Y');
INSERT INTO MC_BOARD_COLUMN (ORDER_NUM,COL_CODE,COL_KOR,COL_HELPER, COL_EDIT) VALUES ('22','etc03','기타3','INPUT TEXT 필드', 'Y');
INSERT INTO MC_BOARD_COLUMN (ORDER_NUM,COL_CODE,COL_KOR,COL_HELPER, COL_EDIT) VALUES ('23','etc04','기타4','INPUT TEXT 필드', 'Y');
INSERT INTO MC_BOARD_COLUMN (ORDER_NUM,COL_CODE,COL_KOR,COL_HELPER, COL_EDIT) VALUES ('24','etc05','기타5','INPUT TEXT 필드', 'Y');
INSERT INTO MC_BOARD_COLUMN (ORDER_NUM,COL_CODE,COL_KOR,COL_HELPER, COL_EDIT) VALUES ('25','etc06','기타6','INPUT TEXT 필드', 'Y');
INSERT INTO MC_BOARD_COLUMN (ORDER_NUM,COL_CODE,COL_KOR,COL_HELPER, COL_EDIT) VALUES ('26','etc07','기타7','INPUT TEXT 필드', 'Y');
INSERT INTO MC_BOARD_COLUMN (ORDER_NUM,COL_CODE,COL_KOR,COL_HELPER, COL_EDIT) VALUES ('27','etc08','기타8','INPUT TEXT 필드', 'Y');
INSERT INTO MC_BOARD_COLUMN (ORDER_NUM,COL_CODE,COL_KOR,COL_HELPER, COL_EDIT) VALUES ('28','etc09','기타9','INPUT TEXT 필드', 'Y');
INSERT INTO MC_BOARD_COLUMN (ORDER_NUM,COL_CODE,COL_KOR,COL_HELPER, COL_EDIT) VALUES ('29','etc10','기타10','INPUT TEXT 필드', 'Y');


INSERT INTO MC_BOARD_LIST (SEQ,BOARD_TYPE,NAME) VALUES ('1','A','일반');
INSERT INTO MC_BOARD_LIST (SEQ,BOARD_TYPE,NAME) VALUES ('2','B','갤러리');
INSERT INTO MC_BOARD_LIST (SEQ,BOARD_TYPE,NAME) VALUES ('3','C','1:1문의');
INSERT INTO MC_BOARD_LIST (SEQ,BOARD_TYPE,NAME) VALUES ('4','D','답변형');
INSERT INTO MC_BOARD_LIST (SEQ,BOARD_TYPE,NAME) VALUES ('5','E','FAQ');
INSERT INTO MC_BOARD_LIST (SEQ,BOARD_TYPE,NAME) VALUES ('6','F','CUSTOM');

INSERT INTO MC_CMS_MENU_FILTER_DEF(SITE_ID, JUMIN_YN, BUSINO_YN, BUBINO_YN, EMAIL_YN, CELL_YN, TEL_YN, CARD_YN, FORBIDDEN_WORD) VALUES (1, 'N','N','N','N','N','N','N', '개새끼');
