INSERT INTO MC_BASIC_SETTING( SITE_ID, CERTIFICATION_YN, LOGOUT_TIME_YN, LOGOUT_TIME, PW_CHANGE_YN, PW_CHANGE_CYCLE, DORMANCY_YN, DORMANCY_DAY, ADM_LOGOUT_TIME_YN, ADM_LOGOUT_TIME, ADM_PW_CHANGE_YN, ADM_PW_CHANGE_CYCLE, ADM_DORMANCY_YN, ADM_DORMANCY_DAY) VALUES(1, 'N', 'N', NULL, 'N', NULL, 'N', NULL, 'N', NULL, 'N', NULL, 'N', NULL);

INSERT INTO MC_CMS_MENU(CMS_MENU_SEQ, TITLE, MENU_ORDER, USE_YN, BLANK_YN, MENU_TYPE, TARGET_URL, PROGRAM_NM, BOARD_SEQ, CONTS, SITE_ID, REG_NM, REG_DT, MOD_NM, MOD_DT, DEL_NM, DEL_DT, DEL_YN, CHILD_TYPE, HEAD_HTML, TEMPLATE_TYPE, REG_ID, MOD_ID, DEL_ID, PARENT_MENU_SEQ, MENU_URL, CUD_GROUP_SEQ, R_GROUP_SEQ, MANAGE_URL, TOP_YN, SUB_PATH)VALUES( 1, 'CMS', 1, 'Y', 'N', 1, '', '', NULL, '', 1, '', SYSDATE, '', SYSDATE,'' , NULL, 'N', 1, '', 1, '', '', '', 0, '/web', '', '', '', 'Y', '/web');
INSERT INTO MC_CMS_MENU(CMS_MENU_SEQ, TITLE, MENU_ORDER, USE_YN, BLANK_YN, MENU_TYPE, TARGET_URL, PROGRAM_NM, BOARD_SEQ, CONTS, SITE_ID, REG_NM, REG_DT, MOD_NM, MOD_DT, DEL_NM, DEL_DT, DEL_YN, CHILD_TYPE, HEAD_HTML, TEMPLATE_TYPE, REG_ID, MOD_ID, DEL_ID, PARENT_MENU_SEQ, MENU_URL, CUD_GROUP_SEQ, R_GROUP_SEQ, MANAGE_URL, TOP_YN, SUB_PATH)VALUES( 2, '회원정보', 1, 'Y', 'N', 5, '', '', NULL, '', 1, '', SYSDATE, '', SYSDATE,'' , NULL, 'N', '1', '', '1', '', '', '', '1', '/web/lay1/S1T1C2/sublink.do', '', '', '', 'N', '');
INSERT INTO MC_CMS_MENU(CMS_MENU_SEQ, TITLE, MENU_ORDER, USE_YN, BLANK_YN, MENU_TYPE, TARGET_URL, PROGRAM_NM, BOARD_SEQ, CONTS, SITE_ID, REG_NM, REG_DT, MOD_NM, MOD_DT, DEL_NM, DEL_DT, DEL_YN, CHILD_TYPE, HEAD_HTML, TEMPLATE_TYPE, REG_ID, MOD_ID, DEL_ID, PARENT_MENU_SEQ, MENU_URL, CUD_GROUP_SEQ, R_GROUP_SEQ, MANAGE_URL, TOP_YN, SUB_PATH)VALUES( 4, '로그인', 2, 'Y', 'N', 3, '/member/login.do', '로그인', NULL, '', 1, '', SYSDATE, '', SYSDATE,'' , NULL, 'N', '1', '', '1', '', '', '', '2', '/web/lay1/program/S1T2C4/member/login.do', '', '', '', '', '');
INSERT INTO MC_CMS_MENU(CMS_MENU_SEQ, TITLE, MENU_ORDER, USE_YN, BLANK_YN, MENU_TYPE, TARGET_URL, PROGRAM_NM, BOARD_SEQ, CONTS, SITE_ID, REG_NM, REG_DT, MOD_NM, MOD_DT, DEL_NM, DEL_DT, DEL_YN, CHILD_TYPE, HEAD_HTML, TEMPLATE_TYPE, REG_ID, MOD_ID, DEL_ID, PARENT_MENU_SEQ, MENU_URL, CUD_GROUP_SEQ, R_GROUP_SEQ, MANAGE_URL, TOP_YN, SUB_PATH)VALUES( 5, '정보수정', 3, 'Y', 'N', 3, '/member/modify.do', '정보변경', NULL, '', 1, '', SYSDATE, '', SYSDATE,'' , NULL, 'N', '1', '', '1', '', '', '', '2', '/web/lay1/program/S1T2C5/member/modify.do', '', '', '', '', '');
INSERT INTO MC_CMS_MENU(CMS_MENU_SEQ, TITLE, MENU_ORDER, USE_YN, BLANK_YN, MENU_TYPE, TARGET_URL, PROGRAM_NM, BOARD_SEQ, CONTS, SITE_ID, REG_NM, REG_DT, MOD_NM, MOD_DT, DEL_NM, DEL_DT, DEL_YN, CHILD_TYPE, HEAD_HTML, TEMPLATE_TYPE, REG_ID, MOD_ID, DEL_ID, PARENT_MENU_SEQ, MENU_URL, CUD_GROUP_SEQ, R_GROUP_SEQ, MANAGE_URL, TOP_YN, SUB_PATH)VALUES( 3, '회원가입', 1, 'Y', 'N', 3, '/member/join.do', '회원가입', NULL, '', 1, '', SYSDATE, '', SYSDATE,'' , NULL, 'N', '1', '', '1', '', '', '', '2', '/web/lay1/program/S1T2C3/member/join.do', '', '', '', '', '');
INSERT INTO MC_CMS_MENU(CMS_MENU_SEQ, TITLE, MENU_ORDER, USE_YN, BLANK_YN, MENU_TYPE, TARGET_URL, PROGRAM_NM, BOARD_SEQ, CONTS, SITE_ID, REG_NM, REG_DT, MOD_NM, MOD_DT, DEL_NM, DEL_DT, DEL_YN, CHILD_TYPE, HEAD_HTML, TEMPLATE_TYPE, REG_ID, MOD_ID, DEL_ID, PARENT_MENU_SEQ, MENU_URL, CUD_GROUP_SEQ, R_GROUP_SEQ, MANAGE_URL, TOP_YN, SUB_PATH)VALUES( 6, '사이트정보', 2, 'Y', 'N', 5, '', '', NULL, '', 1, '', SYSDATE, '', SYSDATE,'' , NULL, 'N', '1', '', '1', '', '', '', '1', '/web/lay1/S1T1C6/sublink.do', '', '', '', 'N', '');
INSERT INTO MC_CMS_MENU(CMS_MENU_SEQ, TITLE, MENU_ORDER, USE_YN, BLANK_YN, MENU_TYPE, TARGET_URL, PROGRAM_NM, BOARD_SEQ, CONTS, SITE_ID, REG_NM, REG_DT, MOD_NM, MOD_DT, DEL_NM, DEL_DT, DEL_YN, CHILD_TYPE, HEAD_HTML, TEMPLATE_TYPE, REG_ID, MOD_ID, DEL_ID, PARENT_MENU_SEQ, MENU_URL, CUD_GROUP_SEQ, R_GROUP_SEQ, MANAGE_URL, TOP_YN, SUB_PATH)VALUES( 7, '사이트맵', 1, 'Y', 'N', 3, '/sitemap/intro.do', '사이트맵', NULL, '', 1, '', SYSDATE, '', SYSDATE,'' , NULL, 'N', '1', '', '1', '', '', '', '6', '/web/lay1/program/S1T6C7/sitemap/intro.do', '', '', '', '', '');

INSERT INTO MC_GROUP(GROUP_SEQ, GROUP_NM, PARENT_SEQ, USE_YN, REG_DT, MOD_DT, DEL_DT, DEL_YN, ORDER_SEQ, REG_NM, MOD_NM, DEL_NM, MOD_ID, DEL_ID, REG_ID)VALUES(	1, '슈퍼관리자', 0, 'Y', sysdate, '', '', 'N', 1, '시스템관리자', '', '', '', '', '');
INSERT INTO MC_GROUP(GROUP_SEQ, GROUP_NM, PARENT_SEQ, USE_YN, REG_DT, MOD_DT, DEL_DT, DEL_YN, ORDER_SEQ, REG_NM, MOD_NM, DEL_NM, MOD_ID, DEL_ID, REG_ID)VALUES(	2, '일반관리자', 0, 'Y', SYSDATE, '', '', 'N', 1, '시스템관리자', '', '', '', '', '');
INSERT INTO MC_GROUP(GROUP_SEQ, GROUP_NM, PARENT_SEQ, USE_YN, REG_DT, MOD_DT, DEL_DT, DEL_YN, ORDER_SEQ, REG_NM, MOD_NM, DEL_NM, MOD_ID, DEL_ID, REG_ID)VALUES(	3, '부서', 0, 'Y', sysdate, '', '', 'N', 3, '시스템관리자', '', '', '', '', '');

INSERT INTO MC_USER_GROUP(GROUP_SEQ, GROUP_NM, PARENT_SEQ, USE_YN, REG_DT, MOD_DT, DEL_DT, DEL_YN, ORDER_SEQ, REG_NM, MOD_NM, DEL_NM, MOD_ID, DEL_ID, REG_ID)VALUES(	1, '일반회원', 0, 'Y', sysdate, '', '', 'N', 3, '시스템관리자', '', '', '', '', '');

INSERT INTO MC_COMMON_CODE_GROUP(CODE_GROUP_SEQ, GROUP_NM, REG_ID, REG_NM, REG_IP, REG_DT, MOD_ID, MOD_NM, MOD_IP, MOD_DT, DEL_ID, DEL_NM, DEL_IP, DEL_DT, DEL_YN)VALUES(	1, '전화지역번호', 'admin', '시스템관리자',	'127.0.0.1', sysdate, '', '', '', '', '', '', '', '', 'N');
INSERT INTO MC_COMMON_CODE_GROUP(CODE_GROUP_SEQ, GROUP_NM, REG_ID, REG_NM, REG_IP, REG_DT, MOD_ID, MOD_NM, MOD_IP, MOD_DT, DEL_ID, DEL_NM, DEL_IP, DEL_DT, DEL_YN)VALUES(	2, '휴대폰', 'admin', '시스템관리자',	'127.0.0.1', sysdate, '', '', '', '', '', '', '', '', 'N');
INSERT INTO MC_COMMON_CODE_GROUP(CODE_GROUP_SEQ, GROUP_NM, REG_ID, REG_NM, REG_IP, REG_DT, MOD_ID, MOD_NM, MOD_IP, MOD_DT, DEL_ID, DEL_NM, DEL_IP, DEL_DT, DEL_YN)VALUES(	3, '이메일', 'admin', '시스템관리자',	'127.0.0.1', sysdate, '', '', '', '', '', '', '', '', 'N');

INSERT INTO MC_COMMON_CODE(CODE_SEQ, CODE_GROUP_SEQ, CODE, CODE_NM, VAL1, VAL2, ETC, USE_YN, ORDER_SEQ, REG_ID, REG_NM, REG_IP, REG_DT, MOD_ID, MOD_NM, MOD_IP, MOD_DT, DEL_ID, DEL_NM, DEL_IP, DEL_DT, DEL_YN)VALUES(1,'1','02','서울특별시','','','','Y','0','admin','시스템','192.168.1.43',sysdate,'','','','','','','','','N');
INSERT INTO MC_COMMON_CODE(CODE_SEQ, CODE_GROUP_SEQ, CODE, CODE_NM, VAL1, VAL2, ETC, USE_YN, ORDER_SEQ, REG_ID, REG_NM, REG_IP, REG_DT, MOD_ID, MOD_NM, MOD_IP, MOD_DT, DEL_ID, DEL_NM, DEL_IP, DEL_DT, DEL_YN)VALUES(2,'1','031','경기도','','','','Y','1','admin','시스템','192.168.1.43',sysdate,'','','','','','','','','N');
INSERT INTO MC_COMMON_CODE(CODE_SEQ, CODE_GROUP_SEQ, CODE, CODE_NM, VAL1, VAL2, ETC, USE_YN, ORDER_SEQ, REG_ID, REG_NM, REG_IP, REG_DT, MOD_ID, MOD_NM, MOD_IP, MOD_DT, DEL_ID, DEL_NM, DEL_IP, DEL_DT, DEL_YN)VALUES(3,'1','032','인천광역시','','','','Y','2','admin','시스템','192.168.1.43',sysdate,'','','','','','','','','N');
INSERT INTO MC_COMMON_CODE(CODE_SEQ, CODE_GROUP_SEQ, CODE, CODE_NM, VAL1, VAL2, ETC, USE_YN, ORDER_SEQ, REG_ID, REG_NM, REG_IP, REG_DT, MOD_ID, MOD_NM, MOD_IP, MOD_DT, DEL_ID, DEL_NM, DEL_IP, DEL_DT, DEL_YN)VALUES(4,'1','033','강원도','','','','Y','3','admin','시스템','192.168.1.43',sysdate,'','','','','','','','','N');
INSERT INTO MC_COMMON_CODE(CODE_SEQ, CODE_GROUP_SEQ, CODE, CODE_NM, VAL1, VAL2, ETC, USE_YN, ORDER_SEQ, REG_ID, REG_NM, REG_IP, REG_DT, MOD_ID, MOD_NM, MOD_IP, MOD_DT, DEL_ID, DEL_NM, DEL_IP, DEL_DT, DEL_YN)VALUES(5,'1','041','충청남도','','','','Y','4','admin','시스템','192.168.1.43',sysdate,'','','','','','','','','N');
INSERT INTO MC_COMMON_CODE(CODE_SEQ, CODE_GROUP_SEQ, CODE, CODE_NM, VAL1, VAL2, ETC, USE_YN, ORDER_SEQ, REG_ID, REG_NM, REG_IP, REG_DT, MOD_ID, MOD_NM, MOD_IP, MOD_DT, DEL_ID, DEL_NM, DEL_IP, DEL_DT, DEL_YN)VALUES(6,'1','042','대전광역시','','','','Y','5','admin','시스템','192.168.1.43',sysdate,'','','','','','','','','N');
INSERT INTO MC_COMMON_CODE(CODE_SEQ, CODE_GROUP_SEQ, CODE, CODE_NM, VAL1, VAL2, ETC, USE_YN, ORDER_SEQ, REG_ID, REG_NM, REG_IP, REG_DT, MOD_ID, MOD_NM, MOD_IP, MOD_DT, DEL_ID, DEL_NM, DEL_IP, DEL_DT, DEL_YN)VALUES(7,'1','043','충청북도','','','','Y','6','admin','시스템','192.168.1.43',sysdate,'','','','','','','','','N');
INSERT INTO MC_COMMON_CODE(CODE_SEQ, CODE_GROUP_SEQ, CODE, CODE_NM, VAL1, VAL2, ETC, USE_YN, ORDER_SEQ, REG_ID, REG_NM, REG_IP, REG_DT, MOD_ID, MOD_NM, MOD_IP, MOD_DT, DEL_ID, DEL_NM, DEL_IP, DEL_DT, DEL_YN)VALUES(8,'1','044','세종특별자치시','','','','Y','7','admin','시스템','192.168.1.43',sysdate,'','','','','','','','','N');
INSERT INTO MC_COMMON_CODE(CODE_SEQ, CODE_GROUP_SEQ, CODE, CODE_NM, VAL1, VAL2, ETC, USE_YN, ORDER_SEQ, REG_ID, REG_NM, REG_IP, REG_DT, MOD_ID, MOD_NM, MOD_IP, MOD_DT, DEL_ID, DEL_NM, DEL_IP, DEL_DT, DEL_YN)VALUES(9,'1','051','부산광역시','','','','Y','8','admin','시스템','192.168.1.43',sysdate,'','','','','','','','','N');
INSERT INTO MC_COMMON_CODE(CODE_SEQ, CODE_GROUP_SEQ, CODE, CODE_NM, VAL1, VAL2, ETC, USE_YN, ORDER_SEQ, REG_ID, REG_NM, REG_IP, REG_DT, MOD_ID, MOD_NM, MOD_IP, MOD_DT, DEL_ID, DEL_NM, DEL_IP, DEL_DT, DEL_YN)VALUES(10,'1','052','울산광역시','','','','Y','9','admin','시스템','192.168.1.43',sysdate,'','','','','','','','','N');
INSERT INTO MC_COMMON_CODE(CODE_SEQ, CODE_GROUP_SEQ, CODE, CODE_NM, VAL1, VAL2, ETC, USE_YN, ORDER_SEQ, REG_ID, REG_NM, REG_IP, REG_DT, MOD_ID, MOD_NM, MOD_IP, MOD_DT, DEL_ID, DEL_NM, DEL_IP, DEL_DT, DEL_YN)VALUES(11,'1','053','대구광역시','','','','Y','10','admin','시스템','192.168.1.43',sysdate,'','','','','','','','','N');
INSERT INTO MC_COMMON_CODE(CODE_SEQ, CODE_GROUP_SEQ, CODE, CODE_NM, VAL1, VAL2, ETC, USE_YN, ORDER_SEQ, REG_ID, REG_NM, REG_IP, REG_DT, MOD_ID, MOD_NM, MOD_IP, MOD_DT, DEL_ID, DEL_NM, DEL_IP, DEL_DT, DEL_YN)VALUES(12,'1','054','경상북도','','','','Y','11','admin','시스템','192.168.1.43',sysdate,'','','','','','','','','N');
INSERT INTO MC_COMMON_CODE(CODE_SEQ, CODE_GROUP_SEQ, CODE, CODE_NM, VAL1, VAL2, ETC, USE_YN, ORDER_SEQ, REG_ID, REG_NM, REG_IP, REG_DT, MOD_ID, MOD_NM, MOD_IP, MOD_DT, DEL_ID, DEL_NM, DEL_IP, DEL_DT, DEL_YN)VALUES(13,'1','055','경상남도','','','','Y','12','admin','시스템','192.168.1.43',sysdate,'','','','','','','','','N');
INSERT INTO MC_COMMON_CODE(CODE_SEQ, CODE_GROUP_SEQ, CODE, CODE_NM, VAL1, VAL2, ETC, USE_YN, ORDER_SEQ, REG_ID, REG_NM, REG_IP, REG_DT, MOD_ID, MOD_NM, MOD_IP, MOD_DT, DEL_ID, DEL_NM, DEL_IP, DEL_DT, DEL_YN)VALUES(14,'1','061','전라남도','','','','Y','13','admin','시스템','192.168.1.43',sysdate,'','','','','','','','','N');
INSERT INTO MC_COMMON_CODE(CODE_SEQ, CODE_GROUP_SEQ, CODE, CODE_NM, VAL1, VAL2, ETC, USE_YN, ORDER_SEQ, REG_ID, REG_NM, REG_IP, REG_DT, MOD_ID, MOD_NM, MOD_IP, MOD_DT, DEL_ID, DEL_NM, DEL_IP, DEL_DT, DEL_YN)VALUES(15,'1','062','광주광역시','','','','Y','14','admin','시스템','192.168.1.43',sysdate,'','','','','','','','','N');
INSERT INTO MC_COMMON_CODE(CODE_SEQ, CODE_GROUP_SEQ, CODE, CODE_NM, VAL1, VAL2, ETC, USE_YN, ORDER_SEQ, REG_ID, REG_NM, REG_IP, REG_DT, MOD_ID, MOD_NM, MOD_IP, MOD_DT, DEL_ID, DEL_NM, DEL_IP, DEL_DT, DEL_YN)VALUES(16,'1','063','전라북도','','','','Y','15','admin','시스템','192.168.1.43',sysdate,'','','','','','','','','N');
INSERT INTO MC_COMMON_CODE(CODE_SEQ, CODE_GROUP_SEQ, CODE, CODE_NM, VAL1, VAL2, ETC, USE_YN, ORDER_SEQ, REG_ID, REG_NM, REG_IP, REG_DT, MOD_ID, MOD_NM, MOD_IP, MOD_DT, DEL_ID, DEL_NM, DEL_IP, DEL_DT, DEL_YN)VALUES(17,'1','064','제주특별자치도','','','','Y','16','admin','시스템','192.168.1.43',sysdate,'','','','','','','','','N');
INSERT INTO MC_COMMON_CODE(CODE_SEQ, CODE_GROUP_SEQ, CODE, CODE_NM, VAL1, VAL2, ETC, USE_YN, ORDER_SEQ, REG_ID, REG_NM, REG_IP, REG_DT, MOD_ID, MOD_NM, MOD_IP, MOD_DT, DEL_ID, DEL_NM, DEL_IP, DEL_DT, DEL_YN)VALUES(18,'1','070','070','','','','Y','17','admin','시스템','192.168.1.43',sysdate,'','','','','','','','','N');
INSERT INTO MC_COMMON_CODE(CODE_SEQ, CODE_GROUP_SEQ, CODE, CODE_NM, VAL1, VAL2, ETC, USE_YN, ORDER_SEQ, REG_ID, REG_NM, REG_IP, REG_DT, MOD_ID, MOD_NM, MOD_IP, MOD_DT, DEL_ID, DEL_NM, DEL_IP, DEL_DT, DEL_YN)VALUES(19,'1','010','010','','','','Y','18','admin','시스템','192.168.1.43',sysdate,'','','','','','','','','N');
INSERT INTO MC_COMMON_CODE(CODE_SEQ, CODE_GROUP_SEQ, CODE, CODE_NM, VAL1, VAL2, ETC, USE_YN, ORDER_SEQ, REG_ID, REG_NM, REG_IP, REG_DT, MOD_ID, MOD_NM, MOD_IP, MOD_DT, DEL_ID, DEL_NM, DEL_IP, DEL_DT, DEL_YN)VALUES(20,'1','011','011','','','','Y','19','admin','시스템','192.168.1.43',sysdate,'','','','','','','','','N');
INSERT INTO MC_COMMON_CODE(CODE_SEQ, CODE_GROUP_SEQ, CODE, CODE_NM, VAL1, VAL2, ETC, USE_YN, ORDER_SEQ, REG_ID, REG_NM, REG_IP, REG_DT, MOD_ID, MOD_NM, MOD_IP, MOD_DT, DEL_ID, DEL_NM, DEL_IP, DEL_DT, DEL_YN)VALUES(21,'1','016','016','','','','Y','20','admin','시스템','192.168.1.43',sysdate,'','','','','','','','','N');
INSERT INTO MC_COMMON_CODE(CODE_SEQ, CODE_GROUP_SEQ, CODE, CODE_NM, VAL1, VAL2, ETC, USE_YN, ORDER_SEQ, REG_ID, REG_NM, REG_IP, REG_DT, MOD_ID, MOD_NM, MOD_IP, MOD_DT, DEL_ID, DEL_NM, DEL_IP, DEL_DT, DEL_YN)VALUES(22,'1','017','017','','','','Y','21','admin','시스템','192.168.1.43',sysdate,'','','','','','','','','N');
INSERT INTO MC_COMMON_CODE(CODE_SEQ, CODE_GROUP_SEQ, CODE, CODE_NM, VAL1, VAL2, ETC, USE_YN, ORDER_SEQ, REG_ID, REG_NM, REG_IP, REG_DT, MOD_ID, MOD_NM, MOD_IP, MOD_DT, DEL_ID, DEL_NM, DEL_IP, DEL_DT, DEL_YN)VALUES(23,'1','018','018','','','','Y','22','admin','시스템','192.168.1.43',sysdate,'','','','','','','','','N');
INSERT INTO MC_COMMON_CODE(CODE_SEQ, CODE_GROUP_SEQ, CODE, CODE_NM, VAL1, VAL2, ETC, USE_YN, ORDER_SEQ, REG_ID, REG_NM, REG_IP, REG_DT, MOD_ID, MOD_NM, MOD_IP, MOD_DT, DEL_ID, DEL_NM, DEL_IP, DEL_DT, DEL_YN)VALUES(24,'1','019','019','','','','Y','23','admin','시스템','192.168.1.43',sysdate,'','','','','','','','','N');
INSERT INTO MC_COMMON_CODE(CODE_SEQ, CODE_GROUP_SEQ, CODE, CODE_NM, VAL1, VAL2, ETC, USE_YN, ORDER_SEQ, REG_ID, REG_NM, REG_IP, REG_DT, MOD_ID, MOD_NM, MOD_IP, MOD_DT, DEL_ID, DEL_NM, DEL_IP, DEL_DT, DEL_YN)VALUES(25,'1','080','080','','','','Y','24','admin','시스템','192.168.1.43',sysdate,'','','','','','','','','N');

INSERT INTO MC_COMMON_CODE(CODE_SEQ, CODE_GROUP_SEQ, CODE, CODE_NM, VAL1, VAL2, ETC, USE_YN, ORDER_SEQ, REG_ID, REG_NM, REG_IP, REG_DT, MOD_ID, MOD_NM, MOD_IP, MOD_DT, DEL_ID, DEL_NM, DEL_IP, DEL_DT, DEL_YN)VALUES(26,'2','010','010','','','','Y','0','admin','시스템','192.168.1.43',sysdate,'','','','','','','','','N');
INSERT INTO MC_COMMON_CODE(CODE_SEQ, CODE_GROUP_SEQ, CODE, CODE_NM, VAL1, VAL2, ETC, USE_YN, ORDER_SEQ, REG_ID, REG_NM, REG_IP, REG_DT, MOD_ID, MOD_NM, MOD_IP, MOD_DT, DEL_ID, DEL_NM, DEL_IP, DEL_DT, DEL_YN)VALUES(27,'2','011','011','','','','Y','1','admin','시스템','192.168.1.43',sysdate,'','','','','','','','','N');
INSERT INTO MC_COMMON_CODE(CODE_SEQ, CODE_GROUP_SEQ, CODE, CODE_NM, VAL1, VAL2, ETC, USE_YN, ORDER_SEQ, REG_ID, REG_NM, REG_IP, REG_DT, MOD_ID, MOD_NM, MOD_IP, MOD_DT, DEL_ID, DEL_NM, DEL_IP, DEL_DT, DEL_YN)VALUES(28,'2','016','016','','','','Y','2','admin','시스템','192.168.1.43',sysdate,'','','','','','','','','N');
INSERT INTO MC_COMMON_CODE(CODE_SEQ, CODE_GROUP_SEQ, CODE, CODE_NM, VAL1, VAL2, ETC, USE_YN, ORDER_SEQ, REG_ID, REG_NM, REG_IP, REG_DT, MOD_ID, MOD_NM, MOD_IP, MOD_DT, DEL_ID, DEL_NM, DEL_IP, DEL_DT, DEL_YN)VALUES(29,'2','017','017','','','','Y','3','admin','시스템','192.168.1.43',sysdate,'','','','','','','','','N');
INSERT INTO MC_COMMON_CODE(CODE_SEQ, CODE_GROUP_SEQ, CODE, CODE_NM, VAL1, VAL2, ETC, USE_YN, ORDER_SEQ, REG_ID, REG_NM, REG_IP, REG_DT, MOD_ID, MOD_NM, MOD_IP, MOD_DT, DEL_ID, DEL_NM, DEL_IP, DEL_DT, DEL_YN)VALUES(30,'2','018','018','','','','Y','4','admin','시스템','192.168.1.43',sysdate,'','','','','','','','','N');
INSERT INTO MC_COMMON_CODE(CODE_SEQ, CODE_GROUP_SEQ, CODE, CODE_NM, VAL1, VAL2, ETC, USE_YN, ORDER_SEQ, REG_ID, REG_NM, REG_IP, REG_DT, MOD_ID, MOD_NM, MOD_IP, MOD_DT, DEL_ID, DEL_NM, DEL_IP, DEL_DT, DEL_YN)VALUES(31,'2','019','019','','','','Y','5','admin','시스템','192.168.1.43',sysdate,'','','','','','','','','N');

INSERT INTO MC_COMMON_CODE(CODE_SEQ, CODE_GROUP_SEQ, CODE, CODE_NM, VAL1, VAL2, ETC, USE_YN, ORDER_SEQ, REG_ID, REG_NM, REG_IP, REG_DT, MOD_ID, MOD_NM, MOD_IP, MOD_DT, DEL_ID, DEL_NM, DEL_IP, DEL_DT, DEL_YN)VALUES(40,'3','yahoo.co.kr','yahoo.co.kr','야후','','','Y','8','admin','시스템','192.168.1.43',sysdate,'admin','시스템','','','','','','','N');
INSERT INTO MC_COMMON_CODE(CODE_SEQ, CODE_GROUP_SEQ, CODE, CODE_NM, VAL1, VAL2, ETC, USE_YN, ORDER_SEQ, REG_ID, REG_NM, REG_IP, REG_DT, MOD_ID, MOD_NM, MOD_IP, MOD_DT, DEL_ID, DEL_NM, DEL_IP, DEL_DT, DEL_YN)VALUES(39,'3','hotmail.com','hotmail.com','핫메일','','','Y','7','admin','시스템','192.168.1.43',sysdate,'admin','시스템','','','','','','','N');
INSERT INTO MC_COMMON_CODE(CODE_SEQ, CODE_GROUP_SEQ, CODE, CODE_NM, VAL1, VAL2, ETC, USE_YN, ORDER_SEQ, REG_ID, REG_NM, REG_IP, REG_DT, MOD_ID, MOD_NM, MOD_IP, MOD_DT, DEL_ID, DEL_NM, DEL_IP, DEL_DT, DEL_YN)VALUES(32,'3','hanmail.net','hanmail.net','한메일','','','Y','0','admin','시스템','192.168.1.43',sysdate,'admin','시스템','','','','','','','N');
INSERT INTO MC_COMMON_CODE(CODE_SEQ, CODE_GROUP_SEQ, CODE, CODE_NM, VAL1, VAL2, ETC, USE_YN, ORDER_SEQ, REG_ID, REG_NM, REG_IP, REG_DT, MOD_ID, MOD_NM, MOD_IP, MOD_DT, DEL_ID, DEL_NM, DEL_IP, DEL_DT, DEL_YN)VALUES(33,'3','naver.com','naver.com','네이버','','','Y','1','admin','시스템','192.168.1.43',sysdate,'admin','시스템','','','','','','','N');
INSERT INTO MC_COMMON_CODE(CODE_SEQ, CODE_GROUP_SEQ, CODE, CODE_NM, VAL1, VAL2, ETC, USE_YN, ORDER_SEQ, REG_ID, REG_NM, REG_IP, REG_DT, MOD_ID, MOD_NM, MOD_IP, MOD_DT, DEL_ID, DEL_NM, DEL_IP, DEL_DT, DEL_YN)VALUES(34,'3','daum.net','daum.net','다음','','','Y','2','admin','시스템','192.168.1.43',sysdate,'admin','시스템','','','','','','','N');
INSERT INTO MC_COMMON_CODE(CODE_SEQ, CODE_GROUP_SEQ, CODE, CODE_NM, VAL1, VAL2, ETC, USE_YN, ORDER_SEQ, REG_ID, REG_NM, REG_IP, REG_DT, MOD_ID, MOD_NM, MOD_IP, MOD_DT, DEL_ID, DEL_NM, DEL_IP, DEL_DT, DEL_YN)VALUES(35,'3','nate.com','nate.com','네이트','','','Y','3','admin','시스템','192.168.1.43',sysdate,'admin','시스템','','','','','','','N');
INSERT INTO MC_COMMON_CODE(CODE_SEQ, CODE_GROUP_SEQ, CODE, CODE_NM, VAL1, VAL2, ETC, USE_YN, ORDER_SEQ, REG_ID, REG_NM, REG_IP, REG_DT, MOD_ID, MOD_NM, MOD_IP, MOD_DT, DEL_ID, DEL_NM, DEL_IP, DEL_DT, DEL_YN)VALUES(36,'3','gmail.com','gmail.com','지메일','','','Y','4','admin','시스템','192.168.1.43',sysdate,'admin','시스템','','','','','','','N');
INSERT INTO MC_COMMON_CODE(CODE_SEQ, CODE_GROUP_SEQ, CODE, CODE_NM, VAL1, VAL2, ETC, USE_YN, ORDER_SEQ, REG_ID, REG_NM, REG_IP, REG_DT, MOD_ID, MOD_NM, MOD_IP, MOD_DT, DEL_ID, DEL_NM, DEL_IP, DEL_DT, DEL_YN)VALUES(37,'3','korea.com','korea.com','코리아','','','Y','5','admin','시스템','192.168.1.43',sysdate,'admin','시스템','','','','','','','N');
INSERT INTO MC_COMMON_CODE(CODE_SEQ, CODE_GROUP_SEQ, CODE, CODE_NM, VAL1, VAL2, ETC, USE_YN, ORDER_SEQ, REG_ID, REG_NM, REG_IP, REG_DT, MOD_ID, MOD_NM, MOD_IP, MOD_DT, DEL_ID, DEL_NM, DEL_IP, DEL_DT, DEL_YN)VALUES(38,'3','dreamwiz.com','dreamwiz.com','드림위즈','','','Y','6','admin','시스템','192.168.1.43',sysdate,'admin','시스템','','','','','','','N');

INSERT INTO MC_MEMBER(MEMBER_ID, MEMBER_PW, MEMBER_NM, EMAIL, TEL, CELL, GROUP_SEQ, LAST_LOGIN, RESPONSIBILITIES, MOD_ID, MOD_NM, MOD_DT, DEL_ID, DEL_NM, DEL_DT, USE_YN, DEL_YN)VALUES('admin','SP9lIXwH6ELvz31s9PjsubPhy2YPV8CZs70HivsWTvY=','시스템','','','','1','','','admin','시스템','','','','','Y','N');

INSERT INTO MC_PROGRAMS(SEQ, PROGRAM_NM, URL, REG_ID, REG_NM, REG_DT, DEL_YN) VALUES(1, '로그인', '/member/login.do', 'admin','시스템', sysdate, 'N');
INSERT INTO MC_PROGRAMS(SEQ, PROGRAM_NM, URL, REG_ID, REG_NM, REG_DT, DEL_YN) VALUES(2, '회원가입', '/member/join.do', 'admin','시스템', sysdate, 'N');
INSERT INTO MC_PROGRAMS(SEQ, PROGRAM_NM, URL, REG_ID, REG_NM, REG_DT, DEL_YN) VALUES(3, '정보변경', '/member/modify.do', 'admin','시스템', sysdate, 'N');
INSERT INTO MC_PROGRAMS(SEQ, PROGRAM_NM, URL, REG_ID, REG_NM, REG_DT, DEL_YN) VALUES(4, '회원탈퇴', '/member/leave.do', 'admin', '시스템', sysdate, 'N');
INSERT INTO MC_PROGRAMS(SEQ, PROGRAM_NM, URL, MANAGE_URL, REG_ID, REG_NM, REG_DT, DEL_YN) VALUES(5, '통합검색', '/total/search.do', '/super/homepage/gathering/index.do', 'admin', '시스템', sysdate, 'N');
INSERT INTO MC_PROGRAMS(SEQ, PROGRAM_NM, URL, MANAGE_URL, REG_ID, REG_NM, REG_DT, DEL_YN) VALUES(6, '설문조사', '/poll/list.do', '/super/homepage/poll/index.do', 'admin', '시스템', sysdate, 'N');
INSERT INTO MC_PROGRAMS(SEQ, PROGRAM_NM, URL, MANAGE_URL, REG_ID, REG_NM, REG_DT, DEL_YN) VALUES(7, '조직도', '/staff/org_chart/list.do', '', 'admin', '시스템', sysdate, 'N');
INSERT INTO MC_PROGRAMS(SEQ, PROGRAM_NM, URL, MANAGE_URL, REG_ID, REG_NM, REG_DT, DEL_YN) VALUES(8, '직원찾기', '/staff/search/list.do', '', 'admin', '시스템', sysdate, 'N');
INSERT INTO MC_PROGRAMS(SEQ, PROGRAM_NM, URL, MANAGE_URL, REG_ID, REG_NM, REG_DT, DEL_YN) VALUES(9, '이력이남는_페이지', '/phistory/intro.do', '/super/homepage/phistory/index.do', 'admin', '시스템', sysdate, 'N');

INSERT INTO MC_COMMENT_SNS_ACCOUNT(SEQ)VALUES(1);

INSERT INTO MC_HOLIDAY (HOLIDAY_SEQ,HOLIDAY,TITLE) VALUES (517,TO_DATE('14/06/04','RR/MM/DD'),'지방선거');
INSERT INTO MC_HOLIDAY (HOLIDAY_SEQ,HOLIDAY,TITLE) VALUES (319,TO_DATE('32/02/12','RR/MM/DD'),'설날');
INSERT INTO MC_HOLIDAY (HOLIDAY_SEQ,HOLIDAY,TITLE) VALUES (320,TO_DATE('33/01/30','RR/MM/DD'),'설날');
INSERT INTO MC_HOLIDAY (HOLIDAY_SEQ,HOLIDAY,TITLE) VALUES (321,TO_DATE('33/01/31','RR/MM/DD'),'설날');
INSERT INTO MC_HOLIDAY (HOLIDAY_SEQ,HOLIDAY,TITLE) VALUES (5,TO_DATE('14/06/06','RR/MM/DD'),'현충일');
INSERT INTO MC_HOLIDAY (HOLIDAY_SEQ,HOLIDAY,TITLE) VALUES (6,TO_DATE('15/06/06','RR/MM/DD'),'현충일');
INSERT INTO MC_HOLIDAY (HOLIDAY_SEQ,HOLIDAY,TITLE) VALUES (7,TO_DATE('16/06/06','RR/MM/DD'),'현충일');
INSERT INTO MC_HOLIDAY (HOLIDAY_SEQ,HOLIDAY,TITLE) VALUES (8,TO_DATE('17/06/06','RR/MM/DD'),'현충일');
INSERT INTO MC_HOLIDAY (HOLIDAY_SEQ,HOLIDAY,TITLE) VALUES (9,TO_DATE('18/06/06','RR/MM/DD'),'현충일');
INSERT INTO MC_HOLIDAY (HOLIDAY_SEQ,HOLIDAY,TITLE) VALUES (10,TO_DATE('19/06/06','RR/MM/DD'),'현충일');
INSERT INTO MC_HOLIDAY (HOLIDAY_SEQ,HOLIDAY,TITLE) VALUES (11,TO_DATE('20/06/06','RR/MM/DD'),'현충일');
INSERT INTO MC_HOLIDAY (HOLIDAY_SEQ,HOLIDAY,TITLE) VALUES (12,TO_DATE('21/06/06','RR/MM/DD'),'현충일');
INSERT INTO MC_HOLIDAY (HOLIDAY_SEQ,HOLIDAY,TITLE) VALUES (13,TO_DATE('22/06/06','RR/MM/DD'),'현충일');
INSERT INTO MC_HOLIDAY (HOLIDAY_SEQ,HOLIDAY,TITLE) VALUES (14,TO_DATE('23/06/06','RR/MM/DD'),'현충일');
INSERT INTO MC_HOLIDAY (HOLIDAY_SEQ,HOLIDAY,TITLE) VALUES (15,TO_DATE('24/06/06','RR/MM/DD'),'현충일');
INSERT INTO MC_HOLIDAY (HOLIDAY_SEQ,HOLIDAY,TITLE) VALUES (16,TO_DATE('25/06/06','RR/MM/DD'),'현충일');
INSERT INTO MC_HOLIDAY (HOLIDAY_SEQ,HOLIDAY,TITLE) VALUES (17,TO_DATE('26/06/06','RR/MM/DD'),'현충일');
INSERT INTO MC_HOLIDAY (HOLIDAY_SEQ,HOLIDAY,TITLE) VALUES (18,TO_DATE('27/06/06','RR/MM/DD'),'현충일');
INSERT INTO MC_HOLIDAY (HOLIDAY_SEQ,HOLIDAY,TITLE) VALUES (19,TO_DATE('28/06/06','RR/MM/DD'),'현충일');
INSERT INTO MC_HOLIDAY (HOLIDAY_SEQ,HOLIDAY,TITLE) VALUES (20,TO_DATE('29/06/06','RR/MM/DD'),'현충일');
INSERT INTO MC_HOLIDAY (HOLIDAY_SEQ,HOLIDAY,TITLE) VALUES (21,TO_DATE('30/06/06','RR/MM/DD'),'현충일');
INSERT INTO MC_HOLIDAY (HOLIDAY_SEQ,HOLIDAY,TITLE) VALUES (22,TO_DATE('31/06/06','RR/MM/DD'),'현충일');
INSERT INTO MC_HOLIDAY (HOLIDAY_SEQ,HOLIDAY,TITLE) VALUES (23,TO_DATE('32/06/06','RR/MM/DD'),'현충일');
INSERT INTO MC_HOLIDAY (HOLIDAY_SEQ,HOLIDAY,TITLE) VALUES (24,TO_DATE('33/06/06','RR/MM/DD'),'현충일');
INSERT INTO MC_HOLIDAY (HOLIDAY_SEQ,HOLIDAY,TITLE) VALUES (25,TO_DATE('34/06/06','RR/MM/DD'),'현충일');
INSERT INTO MC_HOLIDAY (HOLIDAY_SEQ,HOLIDAY,TITLE) VALUES (26,TO_DATE('35/06/06','RR/MM/DD'),'현충일');
INSERT INTO MC_HOLIDAY (HOLIDAY_SEQ,HOLIDAY,TITLE) VALUES (27,TO_DATE('36/06/06','RR/MM/DD'),'현충일');
INSERT INTO MC_HOLIDAY (HOLIDAY_SEQ,HOLIDAY,TITLE) VALUES (28,TO_DATE('37/06/06','RR/MM/DD'),'현충일');
INSERT INTO MC_HOLIDAY (HOLIDAY_SEQ,HOLIDAY,TITLE) VALUES (29,TO_DATE('38/06/06','RR/MM/DD'),'현충일');
INSERT INTO MC_HOLIDAY (HOLIDAY_SEQ,HOLIDAY,TITLE) VALUES (30,TO_DATE('39/06/06','RR/MM/DD'),'현충일');
INSERT INTO MC_HOLIDAY (HOLIDAY_SEQ,HOLIDAY,TITLE) VALUES (31,TO_DATE('40/06/06','RR/MM/DD'),'현충일');
INSERT INTO MC_HOLIDAY (HOLIDAY_SEQ,HOLIDAY,TITLE) VALUES (32,TO_DATE('41/06/06','RR/MM/DD'),'현충일');
INSERT INTO MC_HOLIDAY (HOLIDAY_SEQ,HOLIDAY,TITLE) VALUES (33,TO_DATE('42/06/06','RR/MM/DD'),'현충일');
INSERT INTO MC_HOLIDAY (HOLIDAY_SEQ,HOLIDAY,TITLE) VALUES (34,TO_DATE('43/06/06','RR/MM/DD'),'현충일');
INSERT INTO MC_HOLIDAY (HOLIDAY_SEQ,HOLIDAY,TITLE) VALUES (35,TO_DATE('44/06/06','RR/MM/DD'),'현충일');
INSERT INTO MC_HOLIDAY (HOLIDAY_SEQ,HOLIDAY,TITLE) VALUES (36,TO_DATE('45/06/06','RR/MM/DD'),'현충일');
INSERT INTO MC_HOLIDAY (HOLIDAY_SEQ,HOLIDAY,TITLE) VALUES (37,TO_DATE('46/06/06','RR/MM/DD'),'현충일');
INSERT INTO MC_HOLIDAY (HOLIDAY_SEQ,HOLIDAY,TITLE) VALUES (38,TO_DATE('47/06/06','RR/MM/DD'),'현충일');
INSERT INTO MC_HOLIDAY (HOLIDAY_SEQ,HOLIDAY,TITLE) VALUES (39,TO_DATE('48/06/06','RR/MM/DD'),'현충일');
INSERT INTO MC_HOLIDAY (HOLIDAY_SEQ,HOLIDAY,TITLE) VALUES (40,TO_DATE('49/06/06','RR/MM/DD'),'현충일');
INSERT INTO MC_HOLIDAY (HOLIDAY_SEQ,HOLIDAY,TITLE) VALUES (41,TO_DATE('50/06/06','RR/MM/DD'),'현충일');
INSERT INTO MC_HOLIDAY (HOLIDAY_SEQ,HOLIDAY,TITLE) VALUES (42,TO_DATE('17/10/03','RR/MM/DD'),'추석<BR>개천절');
INSERT INTO MC_HOLIDAY (HOLIDAY_SEQ,HOLIDAY,TITLE) VALUES (43,TO_DATE('28/10/03','RR/MM/DD'),'추석<BR>개천절');
INSERT INTO MC_HOLIDAY (HOLIDAY_SEQ,HOLIDAY,TITLE) VALUES (44,TO_DATE('36/10/03','RR/MM/DD'),'추석<BR>개천절');
INSERT INTO MC_HOLIDAY (HOLIDAY_SEQ,HOLIDAY,TITLE) VALUES (45,TO_DATE('39/10/03','RR/MM/DD'),'추석<BR>개천절');
INSERT INTO MC_HOLIDAY (HOLIDAY_SEQ,HOLIDAY,TITLE) VALUES (46,TO_DATE('14/09/07','RR/MM/DD'),'추석');
INSERT INTO MC_HOLIDAY (HOLIDAY_SEQ,HOLIDAY,TITLE) VALUES (47,TO_DATE('14/09/08','RR/MM/DD'),'추석');
INSERT INTO MC_HOLIDAY (HOLIDAY_SEQ,HOLIDAY,TITLE) VALUES (48,TO_DATE('14/09/09','RR/MM/DD'),'추석');
INSERT INTO MC_HOLIDAY (HOLIDAY_SEQ,HOLIDAY,TITLE) VALUES (49,TO_DATE('15/09/26','RR/MM/DD'),'추석');
INSERT INTO MC_HOLIDAY (HOLIDAY_SEQ,HOLIDAY,TITLE) VALUES (50,TO_DATE('15/09/27','RR/MM/DD'),'추석');
INSERT INTO MC_HOLIDAY (HOLIDAY_SEQ,HOLIDAY,TITLE) VALUES (51,TO_DATE('15/09/28','RR/MM/DD'),'추석');
INSERT INTO MC_HOLIDAY (HOLIDAY_SEQ,HOLIDAY,TITLE) VALUES (52,TO_DATE('16/09/14','RR/MM/DD'),'추석');
INSERT INTO MC_HOLIDAY (HOLIDAY_SEQ,HOLIDAY,TITLE) VALUES (53,TO_DATE('16/09/15','RR/MM/DD'),'추석');
INSERT INTO MC_HOLIDAY (HOLIDAY_SEQ,HOLIDAY,TITLE) VALUES (54,TO_DATE('16/09/16','RR/MM/DD'),'추석');
INSERT INTO MC_HOLIDAY (HOLIDAY_SEQ,HOLIDAY,TITLE) VALUES (55,TO_DATE('17/10/04','RR/MM/DD'),'추석');
INSERT INTO MC_HOLIDAY (HOLIDAY_SEQ,HOLIDAY,TITLE) VALUES (56,TO_DATE('17/10/05','RR/MM/DD'),'추석');
INSERT INTO MC_HOLIDAY (HOLIDAY_SEQ,HOLIDAY,TITLE) VALUES (57,TO_DATE('18/09/23','RR/MM/DD'),'추석');
INSERT INTO MC_HOLIDAY (HOLIDAY_SEQ,HOLIDAY,TITLE) VALUES (58,TO_DATE('18/09/24','RR/MM/DD'),'추석');
INSERT INTO MC_HOLIDAY (HOLIDAY_SEQ,HOLIDAY,TITLE) VALUES (59,TO_DATE('18/09/25','RR/MM/DD'),'추석');
INSERT INTO MC_HOLIDAY (HOLIDAY_SEQ,HOLIDAY,TITLE) VALUES (60,TO_DATE('19/09/12','RR/MM/DD'),'추석');
INSERT INTO MC_HOLIDAY (HOLIDAY_SEQ,HOLIDAY,TITLE) VALUES (61,TO_DATE('19/09/13','RR/MM/DD'),'추석');
INSERT INTO MC_HOLIDAY (HOLIDAY_SEQ,HOLIDAY,TITLE) VALUES (62,TO_DATE('19/09/14','RR/MM/DD'),'추석');
INSERT INTO MC_HOLIDAY (HOLIDAY_SEQ,HOLIDAY,TITLE) VALUES (63,TO_DATE('20/09/30','RR/MM/DD'),'추석');
INSERT INTO MC_HOLIDAY (HOLIDAY_SEQ,HOLIDAY,TITLE) VALUES (64,TO_DATE('20/10/01','RR/MM/DD'),'추석');
INSERT INTO MC_HOLIDAY (HOLIDAY_SEQ,HOLIDAY,TITLE) VALUES (65,TO_DATE('20/10/02','RR/MM/DD'),'추석');
INSERT INTO MC_HOLIDAY (HOLIDAY_SEQ,HOLIDAY,TITLE) VALUES (66,TO_DATE('21/09/20','RR/MM/DD'),'추석');
INSERT INTO MC_HOLIDAY (HOLIDAY_SEQ,HOLIDAY,TITLE) VALUES (67,TO_DATE('21/09/21','RR/MM/DD'),'추석');
INSERT INTO MC_HOLIDAY (HOLIDAY_SEQ,HOLIDAY,TITLE) VALUES (68,TO_DATE('21/09/22','RR/MM/DD'),'추석');
INSERT INTO MC_HOLIDAY (HOLIDAY_SEQ,HOLIDAY,TITLE) VALUES (69,TO_DATE('22/09/09','RR/MM/DD'),'추석');
INSERT INTO MC_HOLIDAY (HOLIDAY_SEQ,HOLIDAY,TITLE) VALUES (70,TO_DATE('22/09/10','RR/MM/DD'),'추석');
INSERT INTO MC_HOLIDAY (HOLIDAY_SEQ,HOLIDAY,TITLE) VALUES (71,TO_DATE('22/09/11','RR/MM/DD'),'추석');
INSERT INTO MC_HOLIDAY (HOLIDAY_SEQ,HOLIDAY,TITLE) VALUES (72,TO_DATE('23/09/28','RR/MM/DD'),'추석');
INSERT INTO MC_HOLIDAY (HOLIDAY_SEQ,HOLIDAY,TITLE) VALUES (73,TO_DATE('23/09/29','RR/MM/DD'),'추석');
INSERT INTO MC_HOLIDAY (HOLIDAY_SEQ,HOLIDAY,TITLE) VALUES (74,TO_DATE('23/09/30','RR/MM/DD'),'추석');
INSERT INTO MC_HOLIDAY (HOLIDAY_SEQ,HOLIDAY,TITLE) VALUES (75,TO_DATE('24/09/16','RR/MM/DD'),'추석');
INSERT INTO MC_HOLIDAY (HOLIDAY_SEQ,HOLIDAY,TITLE) VALUES (76,TO_DATE('24/09/17','RR/MM/DD'),'추석');
INSERT INTO MC_HOLIDAY (HOLIDAY_SEQ,HOLIDAY,TITLE) VALUES (77,TO_DATE('24/09/18','RR/MM/DD'),'추석');
INSERT INTO MC_HOLIDAY (HOLIDAY_SEQ,HOLIDAY,TITLE) VALUES (78,TO_DATE('25/10/05','RR/MM/DD'),'추석');
INSERT INTO MC_HOLIDAY (HOLIDAY_SEQ,HOLIDAY,TITLE) VALUES (79,TO_DATE('25/10/06','RR/MM/DD'),'추석');
INSERT INTO MC_HOLIDAY (HOLIDAY_SEQ,HOLIDAY,TITLE) VALUES (80,TO_DATE('25/10/07','RR/MM/DD'),'추석');
INSERT INTO MC_HOLIDAY (HOLIDAY_SEQ,HOLIDAY,TITLE) VALUES (81,TO_DATE('26/09/24','RR/MM/DD'),'추석');
INSERT INTO MC_HOLIDAY (HOLIDAY_SEQ,HOLIDAY,TITLE) VALUES (82,TO_DATE('26/09/25','RR/MM/DD'),'추석');
INSERT INTO MC_HOLIDAY (HOLIDAY_SEQ,HOLIDAY,TITLE) VALUES (83,TO_DATE('26/09/26','RR/MM/DD'),'추석');
INSERT INTO MC_HOLIDAY (HOLIDAY_SEQ,HOLIDAY,TITLE) VALUES (84,TO_DATE('27/09/14','RR/MM/DD'),'추석');
INSERT INTO MC_HOLIDAY (HOLIDAY_SEQ,HOLIDAY,TITLE) VALUES (85,TO_DATE('27/09/15','RR/MM/DD'),'추석');
INSERT INTO MC_HOLIDAY (HOLIDAY_SEQ,HOLIDAY,TITLE) VALUES (86,TO_DATE('27/09/16','RR/MM/DD'),'추석');
INSERT INTO MC_HOLIDAY (HOLIDAY_SEQ,HOLIDAY,TITLE) VALUES (87,TO_DATE('28/10/02','RR/MM/DD'),'추석');
INSERT INTO MC_HOLIDAY (HOLIDAY_SEQ,HOLIDAY,TITLE) VALUES (88,TO_DATE('28/10/04','RR/MM/DD'),'추석');
INSERT INTO MC_HOLIDAY (HOLIDAY_SEQ,HOLIDAY,TITLE) VALUES (89,TO_DATE('29/09/21','RR/MM/DD'),'추석');
INSERT INTO MC_HOLIDAY (HOLIDAY_SEQ,HOLIDAY,TITLE) VALUES (90,TO_DATE('29/09/22','RR/MM/DD'),'추석');
INSERT INTO MC_HOLIDAY (HOLIDAY_SEQ,HOLIDAY,TITLE) VALUES (91,TO_DATE('29/09/23','RR/MM/DD'),'추석');
INSERT INTO MC_HOLIDAY (HOLIDAY_SEQ,HOLIDAY,TITLE) VALUES (92,TO_DATE('30/09/11','RR/MM/DD'),'추석');
INSERT INTO MC_HOLIDAY (HOLIDAY_SEQ,HOLIDAY,TITLE) VALUES (93,TO_DATE('30/09/12','RR/MM/DD'),'추석');
INSERT INTO MC_HOLIDAY (HOLIDAY_SEQ,HOLIDAY,TITLE) VALUES (94,TO_DATE('30/09/13','RR/MM/DD'),'추석');
INSERT INTO MC_HOLIDAY (HOLIDAY_SEQ,HOLIDAY,TITLE) VALUES (95,TO_DATE('31/09/30','RR/MM/DD'),'추석');
INSERT INTO MC_HOLIDAY (HOLIDAY_SEQ,HOLIDAY,TITLE) VALUES (96,TO_DATE('31/10/01','RR/MM/DD'),'추석');
INSERT INTO MC_HOLIDAY (HOLIDAY_SEQ,HOLIDAY,TITLE) VALUES (97,TO_DATE('31/10/02','RR/MM/DD'),'추석');
INSERT INTO MC_HOLIDAY (HOLIDAY_SEQ,HOLIDAY,TITLE) VALUES (98,TO_DATE('32/09/18','RR/MM/DD'),'추석');
INSERT INTO MC_HOLIDAY (HOLIDAY_SEQ,HOLIDAY,TITLE) VALUES (99,TO_DATE('32/09/19','RR/MM/DD'),'추석');
INSERT INTO MC_HOLIDAY (HOLIDAY_SEQ,HOLIDAY,TITLE) VALUES (100,TO_DATE('32/09/20','RR/MM/DD'),'추석');
INSERT INTO MC_HOLIDAY (HOLIDAY_SEQ,HOLIDAY,TITLE) VALUES (101,TO_DATE('33/10/06','RR/MM/DD'),'추석');
INSERT INTO MC_HOLIDAY (HOLIDAY_SEQ,HOLIDAY,TITLE) VALUES (102,TO_DATE('33/10/07','RR/MM/DD'),'추석');
INSERT INTO MC_HOLIDAY (HOLIDAY_SEQ,HOLIDAY,TITLE) VALUES (103,TO_DATE('33/10/08','RR/MM/DD'),'추석');
INSERT INTO MC_HOLIDAY (HOLIDAY_SEQ,HOLIDAY,TITLE) VALUES (104,TO_DATE('34/09/26','RR/MM/DD'),'추석');
INSERT INTO MC_HOLIDAY (HOLIDAY_SEQ,HOLIDAY,TITLE) VALUES (105,TO_DATE('34/09/27','RR/MM/DD'),'추석');
INSERT INTO MC_HOLIDAY (HOLIDAY_SEQ,HOLIDAY,TITLE) VALUES (106,TO_DATE('34/09/28','RR/MM/DD'),'추석');
INSERT INTO MC_HOLIDAY (HOLIDAY_SEQ,HOLIDAY,TITLE) VALUES (107,TO_DATE('35/09/15','RR/MM/DD'),'추석');
INSERT INTO MC_HOLIDAY (HOLIDAY_SEQ,HOLIDAY,TITLE) VALUES (108,TO_DATE('35/09/16','RR/MM/DD'),'추석');
INSERT INTO MC_HOLIDAY (HOLIDAY_SEQ,HOLIDAY,TITLE) VALUES (109,TO_DATE('35/09/17','RR/MM/DD'),'추석');
INSERT INTO MC_HOLIDAY (HOLIDAY_SEQ,HOLIDAY,TITLE) VALUES (110,TO_DATE('36/10/04','RR/MM/DD'),'추석');
INSERT INTO MC_HOLIDAY (HOLIDAY_SEQ,HOLIDAY,TITLE) VALUES (111,TO_DATE('36/10/05','RR/MM/DD'),'추석');
INSERT INTO MC_HOLIDAY (HOLIDAY_SEQ,HOLIDAY,TITLE) VALUES (112,TO_DATE('37/09/23','RR/MM/DD'),'추석');
INSERT INTO MC_HOLIDAY (HOLIDAY_SEQ,HOLIDAY,TITLE) VALUES (113,TO_DATE('37/09/24','RR/MM/DD'),'추석');
INSERT INTO MC_HOLIDAY (HOLIDAY_SEQ,HOLIDAY,TITLE) VALUES (114,TO_DATE('37/09/25','RR/MM/DD'),'추석');
INSERT INTO MC_HOLIDAY (HOLIDAY_SEQ,HOLIDAY,TITLE) VALUES (115,TO_DATE('38/09/12','RR/MM/DD'),'추석');
INSERT INTO MC_HOLIDAY (HOLIDAY_SEQ,HOLIDAY,TITLE) VALUES (116,TO_DATE('38/09/13','RR/MM/DD'),'추석');
INSERT INTO MC_HOLIDAY (HOLIDAY_SEQ,HOLIDAY,TITLE) VALUES (117,TO_DATE('38/09/14','RR/MM/DD'),'추석');
INSERT INTO MC_HOLIDAY (HOLIDAY_SEQ,HOLIDAY,TITLE) VALUES (118,TO_DATE('39/10/01','RR/MM/DD'),'추석');
INSERT INTO MC_HOLIDAY (HOLIDAY_SEQ,HOLIDAY,TITLE) VALUES (119,TO_DATE('39/10/02','RR/MM/DD'),'추석');
INSERT INTO MC_HOLIDAY (HOLIDAY_SEQ,HOLIDAY,TITLE) VALUES (120,TO_DATE('40/09/20','RR/MM/DD'),'추석');
INSERT INTO MC_HOLIDAY (HOLIDAY_SEQ,HOLIDAY,TITLE) VALUES (121,TO_DATE('40/09/21','RR/MM/DD'),'추석');
INSERT INTO MC_HOLIDAY (HOLIDAY_SEQ,HOLIDAY,TITLE) VALUES (122,TO_DATE('40/09/22','RR/MM/DD'),'추석');
INSERT INTO MC_HOLIDAY (HOLIDAY_SEQ,HOLIDAY,TITLE) VALUES (123,TO_DATE('41/09/09','RR/MM/DD'),'추석');
INSERT INTO MC_HOLIDAY (HOLIDAY_SEQ,HOLIDAY,TITLE) VALUES (124,TO_DATE('41/09/10','RR/MM/DD'),'추석');
INSERT INTO MC_HOLIDAY (HOLIDAY_SEQ,HOLIDAY,TITLE) VALUES (125,TO_DATE('41/09/11','RR/MM/DD'),'추석');
INSERT INTO MC_HOLIDAY (HOLIDAY_SEQ,HOLIDAY,TITLE) VALUES (126,TO_DATE('42/09/27','RR/MM/DD'),'추석');
INSERT INTO MC_HOLIDAY (HOLIDAY_SEQ,HOLIDAY,TITLE) VALUES (127,TO_DATE('42/09/28','RR/MM/DD'),'추석');
INSERT INTO MC_HOLIDAY (HOLIDAY_SEQ,HOLIDAY,TITLE) VALUES (128,TO_DATE('42/09/29','RR/MM/DD'),'추석');
INSERT INTO MC_HOLIDAY (HOLIDAY_SEQ,HOLIDAY,TITLE) VALUES (129,TO_DATE('43/09/16','RR/MM/DD'),'추석');
INSERT INTO MC_HOLIDAY (HOLIDAY_SEQ,HOLIDAY,TITLE) VALUES (130,TO_DATE('43/09/17','RR/MM/DD'),'추석');
INSERT INTO MC_HOLIDAY (HOLIDAY_SEQ,HOLIDAY,TITLE) VALUES (131,TO_DATE('43/09/18','RR/MM/DD'),'추석');
INSERT INTO MC_HOLIDAY (HOLIDAY_SEQ,HOLIDAY,TITLE) VALUES (132,TO_DATE('44/10/04','RR/MM/DD'),'추석');
INSERT INTO MC_HOLIDAY (HOLIDAY_SEQ,HOLIDAY,TITLE) VALUES (133,TO_DATE('44/10/05','RR/MM/DD'),'추석');
INSERT INTO MC_HOLIDAY (HOLIDAY_SEQ,HOLIDAY,TITLE) VALUES (134,TO_DATE('44/10/06','RR/MM/DD'),'추석');
INSERT INTO MC_HOLIDAY (HOLIDAY_SEQ,HOLIDAY,TITLE) VALUES (135,TO_DATE('45/09/24','RR/MM/DD'),'추석');
INSERT INTO MC_HOLIDAY (HOLIDAY_SEQ,HOLIDAY,TITLE) VALUES (136,TO_DATE('45/09/25','RR/MM/DD'),'추석');
INSERT INTO MC_HOLIDAY (HOLIDAY_SEQ,HOLIDAY,TITLE) VALUES (137,TO_DATE('45/09/26','RR/MM/DD'),'추석');
INSERT INTO MC_HOLIDAY (HOLIDAY_SEQ,HOLIDAY,TITLE) VALUES (138,TO_DATE('46/09/14','RR/MM/DD'),'추석');
INSERT INTO MC_HOLIDAY (HOLIDAY_SEQ,HOLIDAY,TITLE) VALUES (139,TO_DATE('46/09/15','RR/MM/DD'),'추석');
INSERT INTO MC_HOLIDAY (HOLIDAY_SEQ,HOLIDAY,TITLE) VALUES (140,TO_DATE('46/09/16','RR/MM/DD'),'추석');
INSERT INTO MC_HOLIDAY (HOLIDAY_SEQ,HOLIDAY,TITLE) VALUES (141,TO_DATE('47/10/04','RR/MM/DD'),'추석');
INSERT INTO MC_HOLIDAY (HOLIDAY_SEQ,HOLIDAY,TITLE) VALUES (142,TO_DATE('47/10/05','RR/MM/DD'),'추석');
INSERT INTO MC_HOLIDAY (HOLIDAY_SEQ,HOLIDAY,TITLE) VALUES (143,TO_DATE('48/09/21','RR/MM/DD'),'추석');
INSERT INTO MC_HOLIDAY (HOLIDAY_SEQ,HOLIDAY,TITLE) VALUES (144,TO_DATE('48/09/22','RR/MM/DD'),'추석');
INSERT INTO MC_HOLIDAY (HOLIDAY_SEQ,HOLIDAY,TITLE) VALUES (145,TO_DATE('48/09/23','RR/MM/DD'),'추석');
INSERT INTO MC_HOLIDAY (HOLIDAY_SEQ,HOLIDAY,TITLE) VALUES (146,TO_DATE('49/09/10','RR/MM/DD'),'추석');
INSERT INTO MC_HOLIDAY (HOLIDAY_SEQ,HOLIDAY,TITLE) VALUES (147,TO_DATE('49/09/11','RR/MM/DD'),'추석');
INSERT INTO MC_HOLIDAY (HOLIDAY_SEQ,HOLIDAY,TITLE) VALUES (148,TO_DATE('49/09/12','RR/MM/DD'),'추석');
INSERT INTO MC_HOLIDAY (HOLIDAY_SEQ,HOLIDAY,TITLE) VALUES (149,TO_DATE('50/09/29','RR/MM/DD'),'추석');
INSERT INTO MC_HOLIDAY (HOLIDAY_SEQ,HOLIDAY,TITLE) VALUES (150,TO_DATE('50/09/30','RR/MM/DD'),'추석');
INSERT INTO MC_HOLIDAY (HOLIDAY_SEQ,HOLIDAY,TITLE) VALUES (151,TO_DATE('50/10/01','RR/MM/DD'),'추석');
INSERT INTO MC_HOLIDAY (HOLIDAY_SEQ,HOLIDAY,TITLE) VALUES (152,TO_DATE('25/05/05','RR/MM/DD'),'어린이날<BR/>석가탄신일');
INSERT INTO MC_HOLIDAY (HOLIDAY_SEQ,HOLIDAY,TITLE) VALUES (153,TO_DATE('44/05/05','RR/MM/DD'),'어린이날<BR/>석가탄신일');
INSERT INTO MC_HOLIDAY (HOLIDAY_SEQ,HOLIDAY,TITLE) VALUES (154,TO_DATE('14/05/05','RR/MM/DD'),'어린이날');
INSERT INTO MC_HOLIDAY (HOLIDAY_SEQ,HOLIDAY,TITLE) VALUES (155,TO_DATE('15/05/05','RR/MM/DD'),'어린이날');
INSERT INTO MC_HOLIDAY (HOLIDAY_SEQ,HOLIDAY,TITLE) VALUES (156,TO_DATE('16/05/05','RR/MM/DD'),'어린이날');
INSERT INTO MC_HOLIDAY (HOLIDAY_SEQ,HOLIDAY,TITLE) VALUES (157,TO_DATE('17/05/05','RR/MM/DD'),'어린이날');
INSERT INTO MC_HOLIDAY (HOLIDAY_SEQ,HOLIDAY,TITLE) VALUES (158,TO_DATE('18/05/05','RR/MM/DD'),'어린이날');
INSERT INTO MC_HOLIDAY (HOLIDAY_SEQ,HOLIDAY,TITLE) VALUES (159,TO_DATE('19/05/05','RR/MM/DD'),'어린이날');
INSERT INTO MC_HOLIDAY (HOLIDAY_SEQ,HOLIDAY,TITLE) VALUES (160,TO_DATE('20/05/05','RR/MM/DD'),'어린이날');
INSERT INTO MC_HOLIDAY (HOLIDAY_SEQ,HOLIDAY,TITLE) VALUES (161,TO_DATE('21/05/05','RR/MM/DD'),'어린이날');
INSERT INTO MC_HOLIDAY (HOLIDAY_SEQ,HOLIDAY,TITLE) VALUES (162,TO_DATE('22/05/05','RR/MM/DD'),'어린이날');
INSERT INTO MC_HOLIDAY (HOLIDAY_SEQ,HOLIDAY,TITLE) VALUES (163,TO_DATE('23/05/05','RR/MM/DD'),'어린이날');
INSERT INTO MC_HOLIDAY (HOLIDAY_SEQ,HOLIDAY,TITLE) VALUES (164,TO_DATE('24/05/05','RR/MM/DD'),'어린이날');
INSERT INTO MC_HOLIDAY (HOLIDAY_SEQ,HOLIDAY,TITLE) VALUES (165,TO_DATE('26/05/05','RR/MM/DD'),'어린이날');
INSERT INTO MC_HOLIDAY (HOLIDAY_SEQ,HOLIDAY,TITLE) VALUES (166,TO_DATE('27/05/05','RR/MM/DD'),'어린이날');
INSERT INTO MC_HOLIDAY (HOLIDAY_SEQ,HOLIDAY,TITLE) VALUES (167,TO_DATE('28/05/05','RR/MM/DD'),'어린이날');
INSERT INTO MC_HOLIDAY (HOLIDAY_SEQ,HOLIDAY,TITLE) VALUES (168,TO_DATE('29/05/05','RR/MM/DD'),'어린이날');
INSERT INTO MC_HOLIDAY (HOLIDAY_SEQ,HOLIDAY,TITLE) VALUES (169,TO_DATE('30/05/05','RR/MM/DD'),'어린이날');
INSERT INTO MC_HOLIDAY (HOLIDAY_SEQ,HOLIDAY,TITLE) VALUES (170,TO_DATE('31/05/05','RR/MM/DD'),'어린이날');
INSERT INTO MC_HOLIDAY (HOLIDAY_SEQ,HOLIDAY,TITLE) VALUES (171,TO_DATE('32/05/05','RR/MM/DD'),'어린이날');
INSERT INTO MC_HOLIDAY (HOLIDAY_SEQ,HOLIDAY,TITLE) VALUES (172,TO_DATE('33/05/05','RR/MM/DD'),'어린이날');
INSERT INTO MC_HOLIDAY (HOLIDAY_SEQ,HOLIDAY,TITLE) VALUES (173,TO_DATE('34/05/05','RR/MM/DD'),'어린이날');
INSERT INTO MC_HOLIDAY (HOLIDAY_SEQ,HOLIDAY,TITLE) VALUES (174,TO_DATE('35/05/05','RR/MM/DD'),'어린이날');
INSERT INTO MC_HOLIDAY (HOLIDAY_SEQ,HOLIDAY,TITLE) VALUES (175,TO_DATE('36/05/05','RR/MM/DD'),'어린이날');
INSERT INTO MC_HOLIDAY (HOLIDAY_SEQ,HOLIDAY,TITLE) VALUES (176,TO_DATE('37/05/05','RR/MM/DD'),'어린이날');
INSERT INTO MC_HOLIDAY (HOLIDAY_SEQ,HOLIDAY,TITLE) VALUES (177,TO_DATE('38/05/05','RR/MM/DD'),'어린이날');
INSERT INTO MC_HOLIDAY (HOLIDAY_SEQ,HOLIDAY,TITLE) VALUES (178,TO_DATE('39/05/05','RR/MM/DD'),'어린이날');
INSERT INTO MC_HOLIDAY (HOLIDAY_SEQ,HOLIDAY,TITLE) VALUES (179,TO_DATE('40/05/05','RR/MM/DD'),'어린이날');
INSERT INTO MC_HOLIDAY (HOLIDAY_SEQ,HOLIDAY,TITLE) VALUES (180,TO_DATE('41/05/05','RR/MM/DD'),'어린이날');
INSERT INTO MC_HOLIDAY (HOLIDAY_SEQ,HOLIDAY,TITLE) VALUES (181,TO_DATE('42/05/05','RR/MM/DD'),'어린이날');
INSERT INTO MC_HOLIDAY (HOLIDAY_SEQ,HOLIDAY,TITLE) VALUES (182,TO_DATE('43/05/05','RR/MM/DD'),'어린이날');
INSERT INTO MC_HOLIDAY (HOLIDAY_SEQ,HOLIDAY,TITLE) VALUES (183,TO_DATE('45/05/05','RR/MM/DD'),'어린이날');
INSERT INTO MC_HOLIDAY (HOLIDAY_SEQ,HOLIDAY,TITLE) VALUES (184,TO_DATE('46/05/05','RR/MM/DD'),'어린이날');
INSERT INTO MC_HOLIDAY (HOLIDAY_SEQ,HOLIDAY,TITLE) VALUES (185,TO_DATE('47/05/05','RR/MM/DD'),'어린이날');
INSERT INTO MC_HOLIDAY (HOLIDAY_SEQ,HOLIDAY,TITLE) VALUES (186,TO_DATE('48/05/05','RR/MM/DD'),'어린이날');
INSERT INTO MC_HOLIDAY (HOLIDAY_SEQ,HOLIDAY,TITLE) VALUES (187,TO_DATE('49/05/05','RR/MM/DD'),'어린이날');
INSERT INTO MC_HOLIDAY (HOLIDAY_SEQ,HOLIDAY,TITLE) VALUES (188,TO_DATE('50/05/05','RR/MM/DD'),'어린이날');
INSERT INTO MC_HOLIDAY (HOLIDAY_SEQ,HOLIDAY,TITLE) VALUES (189,TO_DATE('14/01/01','RR/MM/DD'),'신정');
INSERT INTO MC_HOLIDAY (HOLIDAY_SEQ,HOLIDAY,TITLE) VALUES (190,TO_DATE('15/01/01','RR/MM/DD'),'신정');
INSERT INTO MC_HOLIDAY (HOLIDAY_SEQ,HOLIDAY,TITLE) VALUES (191,TO_DATE('16/01/01','RR/MM/DD'),'신정');
INSERT INTO MC_HOLIDAY (HOLIDAY_SEQ,HOLIDAY,TITLE) VALUES (192,TO_DATE('17/01/01','RR/MM/DD'),'신정');
INSERT INTO MC_HOLIDAY (HOLIDAY_SEQ,HOLIDAY,TITLE) VALUES (193,TO_DATE('18/01/01','RR/MM/DD'),'신정');
INSERT INTO MC_HOLIDAY (HOLIDAY_SEQ,HOLIDAY,TITLE) VALUES (194,TO_DATE('19/01/01','RR/MM/DD'),'신정');
INSERT INTO MC_HOLIDAY (HOLIDAY_SEQ,HOLIDAY,TITLE) VALUES (195,TO_DATE('20/01/01','RR/MM/DD'),'신정');
INSERT INTO MC_HOLIDAY (HOLIDAY_SEQ,HOLIDAY,TITLE) VALUES (196,TO_DATE('21/01/01','RR/MM/DD'),'신정');
INSERT INTO MC_HOLIDAY (HOLIDAY_SEQ,HOLIDAY,TITLE) VALUES (197,TO_DATE('22/01/01','RR/MM/DD'),'신정');
INSERT INTO MC_HOLIDAY (HOLIDAY_SEQ,HOLIDAY,TITLE) VALUES (198,TO_DATE('23/01/01','RR/MM/DD'),'신정');
INSERT INTO MC_HOLIDAY (HOLIDAY_SEQ,HOLIDAY,TITLE) VALUES (199,TO_DATE('24/01/01','RR/MM/DD'),'신정');
INSERT INTO MC_HOLIDAY (HOLIDAY_SEQ,HOLIDAY,TITLE) VALUES (200,TO_DATE('25/01/01','RR/MM/DD'),'신정');
INSERT INTO MC_HOLIDAY (HOLIDAY_SEQ,HOLIDAY,TITLE) VALUES (201,TO_DATE('26/01/01','RR/MM/DD'),'신정');
INSERT INTO MC_HOLIDAY (HOLIDAY_SEQ,HOLIDAY,TITLE) VALUES (202,TO_DATE('27/01/01','RR/MM/DD'),'신정');
INSERT INTO MC_HOLIDAY (HOLIDAY_SEQ,HOLIDAY,TITLE) VALUES (203,TO_DATE('28/01/01','RR/MM/DD'),'신정');
INSERT INTO MC_HOLIDAY (HOLIDAY_SEQ,HOLIDAY,TITLE) VALUES (204,TO_DATE('29/01/01','RR/MM/DD'),'신정');
INSERT INTO MC_HOLIDAY (HOLIDAY_SEQ,HOLIDAY,TITLE) VALUES (205,TO_DATE('30/01/01','RR/MM/DD'),'신정');
INSERT INTO MC_HOLIDAY (HOLIDAY_SEQ,HOLIDAY,TITLE) VALUES (206,TO_DATE('31/01/01','RR/MM/DD'),'신정');
INSERT INTO MC_HOLIDAY (HOLIDAY_SEQ,HOLIDAY,TITLE) VALUES (207,TO_DATE('32/01/01','RR/MM/DD'),'신정');
INSERT INTO MC_HOLIDAY (HOLIDAY_SEQ,HOLIDAY,TITLE) VALUES (208,TO_DATE('33/01/01','RR/MM/DD'),'신정');
INSERT INTO MC_HOLIDAY (HOLIDAY_SEQ,HOLIDAY,TITLE) VALUES (209,TO_DATE('34/01/01','RR/MM/DD'),'신정');
INSERT INTO MC_HOLIDAY (HOLIDAY_SEQ,HOLIDAY,TITLE) VALUES (210,TO_DATE('35/01/01','RR/MM/DD'),'신정');
INSERT INTO MC_HOLIDAY (HOLIDAY_SEQ,HOLIDAY,TITLE) VALUES (211,TO_DATE('36/01/01','RR/MM/DD'),'신정');
INSERT INTO MC_HOLIDAY (HOLIDAY_SEQ,HOLIDAY,TITLE) VALUES (212,TO_DATE('37/01/01','RR/MM/DD'),'신정');
INSERT INTO MC_HOLIDAY (HOLIDAY_SEQ,HOLIDAY,TITLE) VALUES (213,TO_DATE('38/01/01','RR/MM/DD'),'신정');
INSERT INTO MC_HOLIDAY (HOLIDAY_SEQ,HOLIDAY,TITLE) VALUES (214,TO_DATE('39/01/01','RR/MM/DD'),'신정');
INSERT INTO MC_HOLIDAY (HOLIDAY_SEQ,HOLIDAY,TITLE) VALUES (215,TO_DATE('40/01/01','RR/MM/DD'),'신정');
INSERT INTO MC_HOLIDAY (HOLIDAY_SEQ,HOLIDAY,TITLE) VALUES (216,TO_DATE('41/01/01','RR/MM/DD'),'신정');
INSERT INTO MC_HOLIDAY (HOLIDAY_SEQ,HOLIDAY,TITLE) VALUES (217,TO_DATE('42/01/01','RR/MM/DD'),'신정');
INSERT INTO MC_HOLIDAY (HOLIDAY_SEQ,HOLIDAY,TITLE) VALUES (218,TO_DATE('43/01/01','RR/MM/DD'),'신정');
INSERT INTO MC_HOLIDAY (HOLIDAY_SEQ,HOLIDAY,TITLE) VALUES (219,TO_DATE('44/01/01','RR/MM/DD'),'신정');
INSERT INTO MC_HOLIDAY (HOLIDAY_SEQ,HOLIDAY,TITLE) VALUES (220,TO_DATE('45/01/01','RR/MM/DD'),'신정');
INSERT INTO MC_HOLIDAY (HOLIDAY_SEQ,HOLIDAY,TITLE) VALUES (221,TO_DATE('46/01/01','RR/MM/DD'),'신정');
INSERT INTO MC_HOLIDAY (HOLIDAY_SEQ,HOLIDAY,TITLE) VALUES (222,TO_DATE('47/01/01','RR/MM/DD'),'신정');
INSERT INTO MC_HOLIDAY (HOLIDAY_SEQ,HOLIDAY,TITLE) VALUES (223,TO_DATE('48/01/01','RR/MM/DD'),'신정');
INSERT INTO MC_HOLIDAY (HOLIDAY_SEQ,HOLIDAY,TITLE) VALUES (224,TO_DATE('49/01/01','RR/MM/DD'),'신정');
INSERT INTO MC_HOLIDAY (HOLIDAY_SEQ,HOLIDAY,TITLE) VALUES (225,TO_DATE('50/01/01','RR/MM/DD'),'신정');
INSERT INTO MC_HOLIDAY (HOLIDAY_SEQ,HOLIDAY,TITLE) VALUES (226,TO_DATE('14/12/25','RR/MM/DD'),'성탄절');
INSERT INTO MC_HOLIDAY (HOLIDAY_SEQ,HOLIDAY,TITLE) VALUES (227,TO_DATE('15/12/25','RR/MM/DD'),'성탄절');
INSERT INTO MC_HOLIDAY (HOLIDAY_SEQ,HOLIDAY,TITLE) VALUES (228,TO_DATE('16/12/25','RR/MM/DD'),'성탄절');
INSERT INTO MC_HOLIDAY (HOLIDAY_SEQ,HOLIDAY,TITLE) VALUES (229,TO_DATE('17/12/25','RR/MM/DD'),'성탄절');
INSERT INTO MC_HOLIDAY (HOLIDAY_SEQ,HOLIDAY,TITLE) VALUES (230,TO_DATE('18/12/25','RR/MM/DD'),'성탄절');
INSERT INTO MC_HOLIDAY (HOLIDAY_SEQ,HOLIDAY,TITLE) VALUES (231,TO_DATE('19/12/25','RR/MM/DD'),'성탄절');
INSERT INTO MC_HOLIDAY (HOLIDAY_SEQ,HOLIDAY,TITLE) VALUES (232,TO_DATE('20/12/25','RR/MM/DD'),'성탄절');
INSERT INTO MC_HOLIDAY (HOLIDAY_SEQ,HOLIDAY,TITLE) VALUES (233,TO_DATE('21/12/25','RR/MM/DD'),'성탄절');
INSERT INTO MC_HOLIDAY (HOLIDAY_SEQ,HOLIDAY,TITLE) VALUES (234,TO_DATE('22/12/25','RR/MM/DD'),'성탄절');
INSERT INTO MC_HOLIDAY (HOLIDAY_SEQ,HOLIDAY,TITLE) VALUES (235,TO_DATE('23/12/25','RR/MM/DD'),'성탄절');
INSERT INTO MC_HOLIDAY (HOLIDAY_SEQ,HOLIDAY,TITLE) VALUES (236,TO_DATE('24/12/25','RR/MM/DD'),'성탄절');
INSERT INTO MC_HOLIDAY (HOLIDAY_SEQ,HOLIDAY,TITLE) VALUES (237,TO_DATE('25/12/25','RR/MM/DD'),'성탄절');
INSERT INTO MC_HOLIDAY (HOLIDAY_SEQ,HOLIDAY,TITLE) VALUES (238,TO_DATE('26/12/25','RR/MM/DD'),'성탄절');
INSERT INTO MC_HOLIDAY (HOLIDAY_SEQ,HOLIDAY,TITLE) VALUES (239,TO_DATE('27/12/25','RR/MM/DD'),'성탄절');
INSERT INTO MC_HOLIDAY (HOLIDAY_SEQ,HOLIDAY,TITLE) VALUES (240,TO_DATE('28/12/25','RR/MM/DD'),'성탄절');
INSERT INTO MC_HOLIDAY (HOLIDAY_SEQ,HOLIDAY,TITLE) VALUES (241,TO_DATE('29/12/25','RR/MM/DD'),'성탄절');
INSERT INTO MC_HOLIDAY (HOLIDAY_SEQ,HOLIDAY,TITLE) VALUES (242,TO_DATE('30/12/25','RR/MM/DD'),'성탄절');
INSERT INTO MC_HOLIDAY (HOLIDAY_SEQ,HOLIDAY,TITLE) VALUES (243,TO_DATE('31/12/25','RR/MM/DD'),'성탄절');
INSERT INTO MC_HOLIDAY (HOLIDAY_SEQ,HOLIDAY,TITLE) VALUES (244,TO_DATE('32/12/25','RR/MM/DD'),'성탄절');
INSERT INTO MC_HOLIDAY (HOLIDAY_SEQ,HOLIDAY,TITLE) VALUES (245,TO_DATE('33/12/25','RR/MM/DD'),'성탄절');
INSERT INTO MC_HOLIDAY (HOLIDAY_SEQ,HOLIDAY,TITLE) VALUES (246,TO_DATE('34/12/25','RR/MM/DD'),'성탄절');
INSERT INTO MC_HOLIDAY (HOLIDAY_SEQ,HOLIDAY,TITLE) VALUES (247,TO_DATE('35/12/25','RR/MM/DD'),'성탄절');
INSERT INTO MC_HOLIDAY (HOLIDAY_SEQ,HOLIDAY,TITLE) VALUES (248,TO_DATE('36/12/25','RR/MM/DD'),'성탄절');
INSERT INTO MC_HOLIDAY (HOLIDAY_SEQ,HOLIDAY,TITLE) VALUES (249,TO_DATE('37/12/25','RR/MM/DD'),'성탄절');
INSERT INTO MC_HOLIDAY (HOLIDAY_SEQ,HOLIDAY,TITLE) VALUES (250,TO_DATE('38/12/25','RR/MM/DD'),'성탄절');
INSERT INTO MC_HOLIDAY (HOLIDAY_SEQ,HOLIDAY,TITLE) VALUES (251,TO_DATE('39/12/25','RR/MM/DD'),'성탄절');
INSERT INTO MC_HOLIDAY (HOLIDAY_SEQ,HOLIDAY,TITLE) VALUES (252,TO_DATE('40/12/25','RR/MM/DD'),'성탄절');
INSERT INTO MC_HOLIDAY (HOLIDAY_SEQ,HOLIDAY,TITLE) VALUES (253,TO_DATE('41/12/25','RR/MM/DD'),'성탄절');
INSERT INTO MC_HOLIDAY (HOLIDAY_SEQ,HOLIDAY,TITLE) VALUES (254,TO_DATE('42/12/25','RR/MM/DD'),'성탄절');
INSERT INTO MC_HOLIDAY (HOLIDAY_SEQ,HOLIDAY,TITLE) VALUES (255,TO_DATE('43/12/25','RR/MM/DD'),'성탄절');
INSERT INTO MC_HOLIDAY (HOLIDAY_SEQ,HOLIDAY,TITLE) VALUES (256,TO_DATE('44/12/25','RR/MM/DD'),'성탄절');
INSERT INTO MC_HOLIDAY (HOLIDAY_SEQ,HOLIDAY,TITLE) VALUES (257,TO_DATE('45/12/25','RR/MM/DD'),'성탄절');
INSERT INTO MC_HOLIDAY (HOLIDAY_SEQ,HOLIDAY,TITLE) VALUES (258,TO_DATE('46/12/25','RR/MM/DD'),'성탄절');
INSERT INTO MC_HOLIDAY (HOLIDAY_SEQ,HOLIDAY,TITLE) VALUES (259,TO_DATE('47/12/25','RR/MM/DD'),'성탄절');
INSERT INTO MC_HOLIDAY (HOLIDAY_SEQ,HOLIDAY,TITLE) VALUES (260,TO_DATE('48/12/25','RR/MM/DD'),'성탄절');
INSERT INTO MC_HOLIDAY (HOLIDAY_SEQ,HOLIDAY,TITLE) VALUES (261,TO_DATE('49/12/25','RR/MM/DD'),'성탄절');
INSERT INTO MC_HOLIDAY (HOLIDAY_SEQ,HOLIDAY,TITLE) VALUES (262,TO_DATE('50/12/25','RR/MM/DD'),'성탄절');
INSERT INTO MC_HOLIDAY (HOLIDAY_SEQ,HOLIDAY,TITLE) VALUES (263,TO_DATE('14/01/30','RR/MM/DD'),'설날');
INSERT INTO MC_HOLIDAY (HOLIDAY_SEQ,HOLIDAY,TITLE) VALUES (264,TO_DATE('14/01/31','RR/MM/DD'),'설날');
INSERT INTO MC_HOLIDAY (HOLIDAY_SEQ,HOLIDAY,TITLE) VALUES (265,TO_DATE('14/02/01','RR/MM/DD'),'설날');
INSERT INTO MC_HOLIDAY (HOLIDAY_SEQ,HOLIDAY,TITLE) VALUES (266,TO_DATE('15/02/18','RR/MM/DD'),'설날');
INSERT INTO MC_HOLIDAY (HOLIDAY_SEQ,HOLIDAY,TITLE) VALUES (267,TO_DATE('15/02/19','RR/MM/DD'),'설날');
INSERT INTO MC_HOLIDAY (HOLIDAY_SEQ,HOLIDAY,TITLE) VALUES (268,TO_DATE('15/02/20','RR/MM/DD'),'설날');
INSERT INTO MC_HOLIDAY (HOLIDAY_SEQ,HOLIDAY,TITLE) VALUES (269,TO_DATE('16/02/08','RR/MM/DD'),'설날');
INSERT INTO MC_HOLIDAY (HOLIDAY_SEQ,HOLIDAY,TITLE) VALUES (270,TO_DATE('16/02/09','RR/MM/DD'),'설날');
INSERT INTO MC_HOLIDAY (HOLIDAY_SEQ,HOLIDAY,TITLE) VALUES (271,TO_DATE('16/02/10','RR/MM/DD'),'설날');
INSERT INTO MC_HOLIDAY (HOLIDAY_SEQ,HOLIDAY,TITLE) VALUES (272,TO_DATE('17/01/27','RR/MM/DD'),'설날');
INSERT INTO MC_HOLIDAY (HOLIDAY_SEQ,HOLIDAY,TITLE) VALUES (273,TO_DATE('17/01/28','RR/MM/DD'),'설날');
INSERT INTO MC_HOLIDAY (HOLIDAY_SEQ,HOLIDAY,TITLE) VALUES (274,TO_DATE('17/01/29','RR/MM/DD'),'설날');
INSERT INTO MC_HOLIDAY (HOLIDAY_SEQ,HOLIDAY,TITLE) VALUES (275,TO_DATE('18/02/15','RR/MM/DD'),'설날');
INSERT INTO MC_HOLIDAY (HOLIDAY_SEQ,HOLIDAY,TITLE) VALUES (276,TO_DATE('18/02/16','RR/MM/DD'),'설날');
INSERT INTO MC_HOLIDAY (HOLIDAY_SEQ,HOLIDAY,TITLE) VALUES (277,TO_DATE('18/02/17','RR/MM/DD'),'설날');
INSERT INTO MC_HOLIDAY (HOLIDAY_SEQ,HOLIDAY,TITLE) VALUES (278,TO_DATE('19/02/04','RR/MM/DD'),'설날');
INSERT INTO MC_HOLIDAY (HOLIDAY_SEQ,HOLIDAY,TITLE) VALUES (279,TO_DATE('19/02/05','RR/MM/DD'),'설날');
INSERT INTO MC_HOLIDAY (HOLIDAY_SEQ,HOLIDAY,TITLE) VALUES (280,TO_DATE('19/02/06','RR/MM/DD'),'설날');
INSERT INTO MC_HOLIDAY (HOLIDAY_SEQ,HOLIDAY,TITLE) VALUES (281,TO_DATE('20/01/24','RR/MM/DD'),'설날');
INSERT INTO MC_HOLIDAY (HOLIDAY_SEQ,HOLIDAY,TITLE) VALUES (282,TO_DATE('20/01/25','RR/MM/DD'),'설날');
INSERT INTO MC_HOLIDAY (HOLIDAY_SEQ,HOLIDAY,TITLE) VALUES (283,TO_DATE('20/01/26','RR/MM/DD'),'설날');
INSERT INTO MC_HOLIDAY (HOLIDAY_SEQ,HOLIDAY,TITLE) VALUES (284,TO_DATE('21/02/11','RR/MM/DD'),'설날');
INSERT INTO MC_HOLIDAY (HOLIDAY_SEQ,HOLIDAY,TITLE) VALUES (285,TO_DATE('21/02/12','RR/MM/DD'),'설날');
INSERT INTO MC_HOLIDAY (HOLIDAY_SEQ,HOLIDAY,TITLE) VALUES (286,TO_DATE('21/02/13','RR/MM/DD'),'설날');
INSERT INTO MC_HOLIDAY (HOLIDAY_SEQ,HOLIDAY,TITLE) VALUES (287,TO_DATE('22/01/31','RR/MM/DD'),'설날');
INSERT INTO MC_HOLIDAY (HOLIDAY_SEQ,HOLIDAY,TITLE) VALUES (288,TO_DATE('22/02/01','RR/MM/DD'),'설날');
INSERT INTO MC_HOLIDAY (HOLIDAY_SEQ,HOLIDAY,TITLE) VALUES (289,TO_DATE('22/02/02','RR/MM/DD'),'설날');
INSERT INTO MC_HOLIDAY (HOLIDAY_SEQ,HOLIDAY,TITLE) VALUES (290,TO_DATE('23/01/21','RR/MM/DD'),'설날');
INSERT INTO MC_HOLIDAY (HOLIDAY_SEQ,HOLIDAY,TITLE) VALUES (291,TO_DATE('23/01/22','RR/MM/DD'),'설날');
INSERT INTO MC_HOLIDAY (HOLIDAY_SEQ,HOLIDAY,TITLE) VALUES (292,TO_DATE('23/01/23','RR/MM/DD'),'설날');
INSERT INTO MC_HOLIDAY (HOLIDAY_SEQ,HOLIDAY,TITLE) VALUES (293,TO_DATE('24/02/09','RR/MM/DD'),'설날');
INSERT INTO MC_HOLIDAY (HOLIDAY_SEQ,HOLIDAY,TITLE) VALUES (294,TO_DATE('24/02/10','RR/MM/DD'),'설날');
INSERT INTO MC_HOLIDAY (HOLIDAY_SEQ,HOLIDAY,TITLE) VALUES (295,TO_DATE('24/02/11','RR/MM/DD'),'설날');
INSERT INTO MC_HOLIDAY (HOLIDAY_SEQ,HOLIDAY,TITLE) VALUES (296,TO_DATE('25/01/28','RR/MM/DD'),'설날');
INSERT INTO MC_HOLIDAY (HOLIDAY_SEQ,HOLIDAY,TITLE) VALUES (297,TO_DATE('25/01/29','RR/MM/DD'),'설날');
INSERT INTO MC_HOLIDAY (HOLIDAY_SEQ,HOLIDAY,TITLE) VALUES (298,TO_DATE('25/01/30','RR/MM/DD'),'설날');
INSERT INTO MC_HOLIDAY (HOLIDAY_SEQ,HOLIDAY,TITLE) VALUES (299,TO_DATE('26/02/16','RR/MM/DD'),'설날');
INSERT INTO MC_HOLIDAY (HOLIDAY_SEQ,HOLIDAY,TITLE) VALUES (300,TO_DATE('26/02/17','RR/MM/DD'),'설날');
INSERT INTO MC_HOLIDAY (HOLIDAY_SEQ,HOLIDAY,TITLE) VALUES (301,TO_DATE('26/02/18','RR/MM/DD'),'설날');
INSERT INTO MC_HOLIDAY (HOLIDAY_SEQ,HOLIDAY,TITLE) VALUES (302,TO_DATE('27/02/06','RR/MM/DD'),'설날');
INSERT INTO MC_HOLIDAY (HOLIDAY_SEQ,HOLIDAY,TITLE) VALUES (303,TO_DATE('27/02/07','RR/MM/DD'),'설날');
INSERT INTO MC_HOLIDAY (HOLIDAY_SEQ,HOLIDAY,TITLE) VALUES (304,TO_DATE('27/02/08','RR/MM/DD'),'설날');
INSERT INTO MC_HOLIDAY (HOLIDAY_SEQ,HOLIDAY,TITLE) VALUES (305,TO_DATE('28/01/26','RR/MM/DD'),'설날');
INSERT INTO MC_HOLIDAY (HOLIDAY_SEQ,HOLIDAY,TITLE) VALUES (306,TO_DATE('28/01/27','RR/MM/DD'),'설날');
INSERT INTO MC_HOLIDAY (HOLIDAY_SEQ,HOLIDAY,TITLE) VALUES (307,TO_DATE('28/01/28','RR/MM/DD'),'설날');
INSERT INTO MC_HOLIDAY (HOLIDAY_SEQ,HOLIDAY,TITLE) VALUES (308,TO_DATE('29/02/12','RR/MM/DD'),'설날');
INSERT INTO MC_HOLIDAY (HOLIDAY_SEQ,HOLIDAY,TITLE) VALUES (309,TO_DATE('29/02/13','RR/MM/DD'),'설날');
INSERT INTO MC_HOLIDAY (HOLIDAY_SEQ,HOLIDAY,TITLE) VALUES (310,TO_DATE('29/02/14','RR/MM/DD'),'설날');
INSERT INTO MC_HOLIDAY (HOLIDAY_SEQ,HOLIDAY,TITLE) VALUES (311,TO_DATE('30/02/02','RR/MM/DD'),'설날');
INSERT INTO MC_HOLIDAY (HOLIDAY_SEQ,HOLIDAY,TITLE) VALUES (312,TO_DATE('30/02/03','RR/MM/DD'),'설날');
INSERT INTO MC_HOLIDAY (HOLIDAY_SEQ,HOLIDAY,TITLE) VALUES (313,TO_DATE('30/02/04','RR/MM/DD'),'설날');
INSERT INTO MC_HOLIDAY (HOLIDAY_SEQ,HOLIDAY,TITLE) VALUES (314,TO_DATE('31/01/22','RR/MM/DD'),'설날');
INSERT INTO MC_HOLIDAY (HOLIDAY_SEQ,HOLIDAY,TITLE) VALUES (315,TO_DATE('31/01/23','RR/MM/DD'),'설날');
INSERT INTO MC_HOLIDAY (HOLIDAY_SEQ,HOLIDAY,TITLE) VALUES (316,TO_DATE('31/01/24','RR/MM/DD'),'설날');
INSERT INTO MC_HOLIDAY (HOLIDAY_SEQ,HOLIDAY,TITLE) VALUES (317,TO_DATE('32/02/10','RR/MM/DD'),'설날');
INSERT INTO MC_HOLIDAY (HOLIDAY_SEQ,HOLIDAY,TITLE) VALUES (318,TO_DATE('32/02/11','RR/MM/DD'),'설날');
INSERT INTO MC_HOLIDAY (HOLIDAY_SEQ,HOLIDAY,TITLE) VALUES (322,TO_DATE('33/02/01','RR/MM/DD'),'설날');
INSERT INTO MC_HOLIDAY (HOLIDAY_SEQ,HOLIDAY,TITLE) VALUES (323,TO_DATE('34/02/18','RR/MM/DD'),'설날');
INSERT INTO MC_HOLIDAY (HOLIDAY_SEQ,HOLIDAY,TITLE) VALUES (324,TO_DATE('34/02/19','RR/MM/DD'),'설날');
INSERT INTO MC_HOLIDAY (HOLIDAY_SEQ,HOLIDAY,TITLE) VALUES (325,TO_DATE('34/02/20','RR/MM/DD'),'설날');
INSERT INTO MC_HOLIDAY (HOLIDAY_SEQ,HOLIDAY,TITLE) VALUES (326,TO_DATE('35/02/07','RR/MM/DD'),'설날');
INSERT INTO MC_HOLIDAY (HOLIDAY_SEQ,HOLIDAY,TITLE) VALUES (327,TO_DATE('35/02/08','RR/MM/DD'),'설날');
INSERT INTO MC_HOLIDAY (HOLIDAY_SEQ,HOLIDAY,TITLE) VALUES (328,TO_DATE('35/02/09','RR/MM/DD'),'설날');
INSERT INTO MC_HOLIDAY (HOLIDAY_SEQ,HOLIDAY,TITLE) VALUES (329,TO_DATE('36/01/27','RR/MM/DD'),'설날');
INSERT INTO MC_HOLIDAY (HOLIDAY_SEQ,HOLIDAY,TITLE) VALUES (330,TO_DATE('36/01/28','RR/MM/DD'),'설날');
INSERT INTO MC_HOLIDAY (HOLIDAY_SEQ,HOLIDAY,TITLE) VALUES (331,TO_DATE('36/01/29','RR/MM/DD'),'설날');
INSERT INTO MC_HOLIDAY (HOLIDAY_SEQ,HOLIDAY,TITLE) VALUES (332,TO_DATE('37/02/14','RR/MM/DD'),'설날');
INSERT INTO MC_HOLIDAY (HOLIDAY_SEQ,HOLIDAY,TITLE) VALUES (333,TO_DATE('37/02/15','RR/MM/DD'),'설날');
INSERT INTO MC_HOLIDAY (HOLIDAY_SEQ,HOLIDAY,TITLE) VALUES (334,TO_DATE('37/02/16','RR/MM/DD'),'설날');
INSERT INTO MC_HOLIDAY (HOLIDAY_SEQ,HOLIDAY,TITLE) VALUES (335,TO_DATE('38/02/03','RR/MM/DD'),'설날');
INSERT INTO MC_HOLIDAY (HOLIDAY_SEQ,HOLIDAY,TITLE) VALUES (336,TO_DATE('38/02/04','RR/MM/DD'),'설날');
INSERT INTO MC_HOLIDAY (HOLIDAY_SEQ,HOLIDAY,TITLE) VALUES (337,TO_DATE('38/02/05','RR/MM/DD'),'설날');
INSERT INTO MC_HOLIDAY (HOLIDAY_SEQ,HOLIDAY,TITLE) VALUES (338,TO_DATE('39/01/23','RR/MM/DD'),'설날');
INSERT INTO MC_HOLIDAY (HOLIDAY_SEQ,HOLIDAY,TITLE) VALUES (339,TO_DATE('39/01/24','RR/MM/DD'),'설날');
INSERT INTO MC_HOLIDAY (HOLIDAY_SEQ,HOLIDAY,TITLE) VALUES (340,TO_DATE('39/01/25','RR/MM/DD'),'설날');
INSERT INTO MC_HOLIDAY (HOLIDAY_SEQ,HOLIDAY,TITLE) VALUES (341,TO_DATE('40/02/11','RR/MM/DD'),'설날');
INSERT INTO MC_HOLIDAY (HOLIDAY_SEQ,HOLIDAY,TITLE) VALUES (342,TO_DATE('40/02/12','RR/MM/DD'),'설날');
INSERT INTO MC_HOLIDAY (HOLIDAY_SEQ,HOLIDAY,TITLE) VALUES (343,TO_DATE('40/02/13','RR/MM/DD'),'설날');
INSERT INTO MC_HOLIDAY (HOLIDAY_SEQ,HOLIDAY,TITLE) VALUES (344,TO_DATE('41/01/31','RR/MM/DD'),'설날');
INSERT INTO MC_HOLIDAY (HOLIDAY_SEQ,HOLIDAY,TITLE) VALUES (345,TO_DATE('41/02/01','RR/MM/DD'),'설날');
INSERT INTO MC_HOLIDAY (HOLIDAY_SEQ,HOLIDAY,TITLE) VALUES (346,TO_DATE('41/02/02','RR/MM/DD'),'설날');
INSERT INTO MC_HOLIDAY (HOLIDAY_SEQ,HOLIDAY,TITLE) VALUES (347,TO_DATE('42/01/21','RR/MM/DD'),'설날');
INSERT INTO MC_HOLIDAY (HOLIDAY_SEQ,HOLIDAY,TITLE) VALUES (348,TO_DATE('42/01/22','RR/MM/DD'),'설날');
INSERT INTO MC_HOLIDAY (HOLIDAY_SEQ,HOLIDAY,TITLE) VALUES (349,TO_DATE('42/01/23','RR/MM/DD'),'설날');
INSERT INTO MC_HOLIDAY (HOLIDAY_SEQ,HOLIDAY,TITLE) VALUES (350,TO_DATE('43/02/09','RR/MM/DD'),'설날');
INSERT INTO MC_HOLIDAY (HOLIDAY_SEQ,HOLIDAY,TITLE) VALUES (351,TO_DATE('43/02/10','RR/MM/DD'),'설날');
INSERT INTO MC_HOLIDAY (HOLIDAY_SEQ,HOLIDAY,TITLE) VALUES (352,TO_DATE('43/02/11','RR/MM/DD'),'설날');
INSERT INTO MC_HOLIDAY (HOLIDAY_SEQ,HOLIDAY,TITLE) VALUES (353,TO_DATE('44/01/29','RR/MM/DD'),'설날');
INSERT INTO MC_HOLIDAY (HOLIDAY_SEQ,HOLIDAY,TITLE) VALUES (354,TO_DATE('44/01/30','RR/MM/DD'),'설날');
INSERT INTO MC_HOLIDAY (HOLIDAY_SEQ,HOLIDAY,TITLE) VALUES (355,TO_DATE('44/01/31','RR/MM/DD'),'설날');
INSERT INTO MC_HOLIDAY (HOLIDAY_SEQ,HOLIDAY,TITLE) VALUES (356,TO_DATE('45/02/16','RR/MM/DD'),'설날');
INSERT INTO MC_HOLIDAY (HOLIDAY_SEQ,HOLIDAY,TITLE) VALUES (357,TO_DATE('45/02/17','RR/MM/DD'),'설날');
INSERT INTO MC_HOLIDAY (HOLIDAY_SEQ,HOLIDAY,TITLE) VALUES (358,TO_DATE('45/02/18','RR/MM/DD'),'설날');
INSERT INTO MC_HOLIDAY (HOLIDAY_SEQ,HOLIDAY,TITLE) VALUES (359,TO_DATE('46/02/05','RR/MM/DD'),'설날');
INSERT INTO MC_HOLIDAY (HOLIDAY_SEQ,HOLIDAY,TITLE) VALUES (360,TO_DATE('46/02/06','RR/MM/DD'),'설날');
INSERT INTO MC_HOLIDAY (HOLIDAY_SEQ,HOLIDAY,TITLE) VALUES (361,TO_DATE('46/02/07','RR/MM/DD'),'설날');
INSERT INTO MC_HOLIDAY (HOLIDAY_SEQ,HOLIDAY,TITLE) VALUES (362,TO_DATE('47/01/25','RR/MM/DD'),'설날');
INSERT INTO MC_HOLIDAY (HOLIDAY_SEQ,HOLIDAY,TITLE) VALUES (363,TO_DATE('47/01/26','RR/MM/DD'),'설날');
INSERT INTO MC_HOLIDAY (HOLIDAY_SEQ,HOLIDAY,TITLE) VALUES (364,TO_DATE('47/01/27','RR/MM/DD'),'설날');
INSERT INTO MC_HOLIDAY (HOLIDAY_SEQ,HOLIDAY,TITLE) VALUES (365,TO_DATE('48/02/13','RR/MM/DD'),'설날');
INSERT INTO MC_HOLIDAY (HOLIDAY_SEQ,HOLIDAY,TITLE) VALUES (366,TO_DATE('48/02/14','RR/MM/DD'),'설날');
INSERT INTO MC_HOLIDAY (HOLIDAY_SEQ,HOLIDAY,TITLE) VALUES (367,TO_DATE('48/02/15','RR/MM/DD'),'설날');
INSERT INTO MC_HOLIDAY (HOLIDAY_SEQ,HOLIDAY,TITLE) VALUES (368,TO_DATE('49/02/01','RR/MM/DD'),'설날');
INSERT INTO MC_HOLIDAY (HOLIDAY_SEQ,HOLIDAY,TITLE) VALUES (369,TO_DATE('49/02/02','RR/MM/DD'),'설날');
INSERT INTO MC_HOLIDAY (HOLIDAY_SEQ,HOLIDAY,TITLE) VALUES (370,TO_DATE('49/02/03','RR/MM/DD'),'설날');
INSERT INTO MC_HOLIDAY (HOLIDAY_SEQ,HOLIDAY,TITLE) VALUES (371,TO_DATE('50/01/22','RR/MM/DD'),'설날');
INSERT INTO MC_HOLIDAY (HOLIDAY_SEQ,HOLIDAY,TITLE) VALUES (372,TO_DATE('50/01/23','RR/MM/DD'),'설날');
INSERT INTO MC_HOLIDAY (HOLIDAY_SEQ,HOLIDAY,TITLE) VALUES (373,TO_DATE('50/01/24','RR/MM/DD'),'설날');
INSERT INTO MC_HOLIDAY (HOLIDAY_SEQ,HOLIDAY,TITLE) VALUES (374,TO_DATE('14/05/06','RR/MM/DD'),'석가탄신일');
INSERT INTO MC_HOLIDAY (HOLIDAY_SEQ,HOLIDAY,TITLE) VALUES (375,TO_DATE('15/05/25','RR/MM/DD'),'석가탄신일');
INSERT INTO MC_HOLIDAY (HOLIDAY_SEQ,HOLIDAY,TITLE) VALUES (376,TO_DATE('16/05/14','RR/MM/DD'),'석가탄신일');
INSERT INTO MC_HOLIDAY (HOLIDAY_SEQ,HOLIDAY,TITLE) VALUES (377,TO_DATE('17/05/03','RR/MM/DD'),'석가탄신일');
INSERT INTO MC_HOLIDAY (HOLIDAY_SEQ,HOLIDAY,TITLE) VALUES (378,TO_DATE('18/05/22','RR/MM/DD'),'석가탄신일');
INSERT INTO MC_HOLIDAY (HOLIDAY_SEQ,HOLIDAY,TITLE) VALUES (379,TO_DATE('19/05/12','RR/MM/DD'),'석가탄신일');
INSERT INTO MC_HOLIDAY (HOLIDAY_SEQ,HOLIDAY,TITLE) VALUES (380,TO_DATE('20/04/30','RR/MM/DD'),'석가탄신일');
INSERT INTO MC_HOLIDAY (HOLIDAY_SEQ,HOLIDAY,TITLE) VALUES (381,TO_DATE('21/05/19','RR/MM/DD'),'석가탄신일');
INSERT INTO MC_HOLIDAY (HOLIDAY_SEQ,HOLIDAY,TITLE) VALUES (382,TO_DATE('22/05/08','RR/MM/DD'),'석가탄신일');
INSERT INTO MC_HOLIDAY (HOLIDAY_SEQ,HOLIDAY,TITLE) VALUES (383,TO_DATE('23/05/27','RR/MM/DD'),'석가탄신일');
INSERT INTO MC_HOLIDAY (HOLIDAY_SEQ,HOLIDAY,TITLE) VALUES (384,TO_DATE('24/05/15','RR/MM/DD'),'석가탄신일');
INSERT INTO MC_HOLIDAY (HOLIDAY_SEQ,HOLIDAY,TITLE) VALUES (385,TO_DATE('26/05/24','RR/MM/DD'),'석가탄신일');
INSERT INTO MC_HOLIDAY (HOLIDAY_SEQ,HOLIDAY,TITLE) VALUES (386,TO_DATE('27/05/13','RR/MM/DD'),'석가탄신일');
INSERT INTO MC_HOLIDAY (HOLIDAY_SEQ,HOLIDAY,TITLE) VALUES (387,TO_DATE('28/05/02','RR/MM/DD'),'석가탄신일');
INSERT INTO MC_HOLIDAY (HOLIDAY_SEQ,HOLIDAY,TITLE) VALUES (388,TO_DATE('29/05/20','RR/MM/DD'),'석가탄신일');
INSERT INTO MC_HOLIDAY (HOLIDAY_SEQ,HOLIDAY,TITLE) VALUES (389,TO_DATE('30/05/09','RR/MM/DD'),'석가탄신일');
INSERT INTO MC_HOLIDAY (HOLIDAY_SEQ,HOLIDAY,TITLE) VALUES (390,TO_DATE('31/05/28','RR/MM/DD'),'석가탄신일');
INSERT INTO MC_HOLIDAY (HOLIDAY_SEQ,HOLIDAY,TITLE) VALUES (391,TO_DATE('32/05/16','RR/MM/DD'),'석가탄신일');
INSERT INTO MC_HOLIDAY (HOLIDAY_SEQ,HOLIDAY,TITLE) VALUES (392,TO_DATE('33/05/06','RR/MM/DD'),'석가탄신일');
INSERT INTO MC_HOLIDAY (HOLIDAY_SEQ,HOLIDAY,TITLE) VALUES (393,TO_DATE('34/05/25','RR/MM/DD'),'석가탄신일');
INSERT INTO MC_HOLIDAY (HOLIDAY_SEQ,HOLIDAY,TITLE) VALUES (394,TO_DATE('35/05/15','RR/MM/DD'),'석가탄신일');
INSERT INTO MC_HOLIDAY (HOLIDAY_SEQ,HOLIDAY,TITLE) VALUES (395,TO_DATE('36/05/03','RR/MM/DD'),'석가탄신일');
INSERT INTO MC_HOLIDAY (HOLIDAY_SEQ,HOLIDAY,TITLE) VALUES (396,TO_DATE('37/05/22','RR/MM/DD'),'석가탄신일');
INSERT INTO MC_HOLIDAY (HOLIDAY_SEQ,HOLIDAY,TITLE) VALUES (397,TO_DATE('38/05/11','RR/MM/DD'),'석가탄신일');
INSERT INTO MC_HOLIDAY (HOLIDAY_SEQ,HOLIDAY,TITLE) VALUES (398,TO_DATE('39/04/30','RR/MM/DD'),'석가탄신일');
INSERT INTO MC_HOLIDAY (HOLIDAY_SEQ,HOLIDAY,TITLE) VALUES (399,TO_DATE('40/05/18','RR/MM/DD'),'석가탄신일');
INSERT INTO MC_HOLIDAY (HOLIDAY_SEQ,HOLIDAY,TITLE) VALUES (400,TO_DATE('41/05/07','RR/MM/DD'),'석가탄신일');
INSERT INTO MC_HOLIDAY (HOLIDAY_SEQ,HOLIDAY,TITLE) VALUES (401,TO_DATE('42/05/26','RR/MM/DD'),'석가탄신일');
INSERT INTO MC_HOLIDAY (HOLIDAY_SEQ,HOLIDAY,TITLE) VALUES (402,TO_DATE('43/05/16','RR/MM/DD'),'석가탄신일');
INSERT INTO MC_HOLIDAY (HOLIDAY_SEQ,HOLIDAY,TITLE) VALUES (403,TO_DATE('45/05/24','RR/MM/DD'),'석가탄신일');
INSERT INTO MC_HOLIDAY (HOLIDAY_SEQ,HOLIDAY,TITLE) VALUES (404,TO_DATE('46/05/13','RR/MM/DD'),'석가탄신일');
INSERT INTO MC_HOLIDAY (HOLIDAY_SEQ,HOLIDAY,TITLE) VALUES (405,TO_DATE('47/05/02','RR/MM/DD'),'석가탄신일');
INSERT INTO MC_HOLIDAY (HOLIDAY_SEQ,HOLIDAY,TITLE) VALUES (406,TO_DATE('48/05/20','RR/MM/DD'),'석가탄신일');
INSERT INTO MC_HOLIDAY (HOLIDAY_SEQ,HOLIDAY,TITLE) VALUES (407,TO_DATE('49/05/09','RR/MM/DD'),'석가탄신일');
INSERT INTO MC_HOLIDAY (HOLIDAY_SEQ,HOLIDAY,TITLE) VALUES (408,TO_DATE('50/05/28','RR/MM/DD'),'석가탄신일');
INSERT INTO MC_HOLIDAY (HOLIDAY_SEQ,HOLIDAY,TITLE) VALUES (409,TO_DATE('14/08/15','RR/MM/DD'),'광복절');
INSERT INTO MC_HOLIDAY (HOLIDAY_SEQ,HOLIDAY,TITLE) VALUES (410,TO_DATE('15/08/15','RR/MM/DD'),'광복절');
INSERT INTO MC_HOLIDAY (HOLIDAY_SEQ,HOLIDAY,TITLE) VALUES (411,TO_DATE('16/08/15','RR/MM/DD'),'광복절');
INSERT INTO MC_HOLIDAY (HOLIDAY_SEQ,HOLIDAY,TITLE) VALUES (412,TO_DATE('17/08/15','RR/MM/DD'),'광복절');
INSERT INTO MC_HOLIDAY (HOLIDAY_SEQ,HOLIDAY,TITLE) VALUES (413,TO_DATE('18/08/15','RR/MM/DD'),'광복절');
INSERT INTO MC_HOLIDAY (HOLIDAY_SEQ,HOLIDAY,TITLE) VALUES (414,TO_DATE('19/08/15','RR/MM/DD'),'광복절');
INSERT INTO MC_HOLIDAY (HOLIDAY_SEQ,HOLIDAY,TITLE) VALUES (415,TO_DATE('20/08/15','RR/MM/DD'),'광복절');
INSERT INTO MC_HOLIDAY (HOLIDAY_SEQ,HOLIDAY,TITLE) VALUES (416,TO_DATE('21/08/15','RR/MM/DD'),'광복절');
INSERT INTO MC_HOLIDAY (HOLIDAY_SEQ,HOLIDAY,TITLE) VALUES (417,TO_DATE('22/08/15','RR/MM/DD'),'광복절');
INSERT INTO MC_HOLIDAY (HOLIDAY_SEQ,HOLIDAY,TITLE) VALUES (418,TO_DATE('23/08/15','RR/MM/DD'),'광복절');
INSERT INTO MC_HOLIDAY (HOLIDAY_SEQ,HOLIDAY,TITLE) VALUES (419,TO_DATE('24/08/15','RR/MM/DD'),'광복절');
INSERT INTO MC_HOLIDAY (HOLIDAY_SEQ,HOLIDAY,TITLE) VALUES (420,TO_DATE('25/08/15','RR/MM/DD'),'광복절');
INSERT INTO MC_HOLIDAY (HOLIDAY_SEQ,HOLIDAY,TITLE) VALUES (421,TO_DATE('26/08/15','RR/MM/DD'),'광복절');
INSERT INTO MC_HOLIDAY (HOLIDAY_SEQ,HOLIDAY,TITLE) VALUES (422,TO_DATE('27/08/15','RR/MM/DD'),'광복절');
INSERT INTO MC_HOLIDAY (HOLIDAY_SEQ,HOLIDAY,TITLE) VALUES (423,TO_DATE('28/08/15','RR/MM/DD'),'광복절');
INSERT INTO MC_HOLIDAY (HOLIDAY_SEQ,HOLIDAY,TITLE) VALUES (424,TO_DATE('29/08/15','RR/MM/DD'),'광복절');
INSERT INTO MC_HOLIDAY (HOLIDAY_SEQ,HOLIDAY,TITLE) VALUES (425,TO_DATE('30/08/15','RR/MM/DD'),'광복절');
INSERT INTO MC_HOLIDAY (HOLIDAY_SEQ,HOLIDAY,TITLE) VALUES (426,TO_DATE('31/08/15','RR/MM/DD'),'광복절');
INSERT INTO MC_HOLIDAY (HOLIDAY_SEQ,HOLIDAY,TITLE) VALUES (427,TO_DATE('32/08/15','RR/MM/DD'),'광복절');
INSERT INTO MC_HOLIDAY (HOLIDAY_SEQ,HOLIDAY,TITLE) VALUES (428,TO_DATE('33/08/15','RR/MM/DD'),'광복절');
INSERT INTO MC_HOLIDAY (HOLIDAY_SEQ,HOLIDAY,TITLE) VALUES (429,TO_DATE('34/08/15','RR/MM/DD'),'광복절');
INSERT INTO MC_HOLIDAY (HOLIDAY_SEQ,HOLIDAY,TITLE) VALUES (430,TO_DATE('35/08/15','RR/MM/DD'),'광복절');
INSERT INTO MC_HOLIDAY (HOLIDAY_SEQ,HOLIDAY,TITLE) VALUES (431,TO_DATE('36/08/15','RR/MM/DD'),'광복절');
INSERT INTO MC_HOLIDAY (HOLIDAY_SEQ,HOLIDAY,TITLE) VALUES (432,TO_DATE('37/08/15','RR/MM/DD'),'광복절');
INSERT INTO MC_HOLIDAY (HOLIDAY_SEQ,HOLIDAY,TITLE) VALUES (433,TO_DATE('38/08/15','RR/MM/DD'),'광복절');
INSERT INTO MC_HOLIDAY (HOLIDAY_SEQ,HOLIDAY,TITLE) VALUES (434,TO_DATE('39/08/15','RR/MM/DD'),'광복절');
INSERT INTO MC_HOLIDAY (HOLIDAY_SEQ,HOLIDAY,TITLE) VALUES (435,TO_DATE('40/08/15','RR/MM/DD'),'광복절');
INSERT INTO MC_HOLIDAY (HOLIDAY_SEQ,HOLIDAY,TITLE) VALUES (436,TO_DATE('41/08/15','RR/MM/DD'),'광복절');
INSERT INTO MC_HOLIDAY (HOLIDAY_SEQ,HOLIDAY,TITLE) VALUES (437,TO_DATE('42/08/15','RR/MM/DD'),'광복절');
INSERT INTO MC_HOLIDAY (HOLIDAY_SEQ,HOLIDAY,TITLE) VALUES (438,TO_DATE('43/08/15','RR/MM/DD'),'광복절');
INSERT INTO MC_HOLIDAY (HOLIDAY_SEQ,HOLIDAY,TITLE) VALUES (439,TO_DATE('44/08/15','RR/MM/DD'),'광복절');
INSERT INTO MC_HOLIDAY (HOLIDAY_SEQ,HOLIDAY,TITLE) VALUES (440,TO_DATE('45/08/15','RR/MM/DD'),'광복절');
INSERT INTO MC_HOLIDAY (HOLIDAY_SEQ,HOLIDAY,TITLE) VALUES (441,TO_DATE('46/08/15','RR/MM/DD'),'광복절');
INSERT INTO MC_HOLIDAY (HOLIDAY_SEQ,HOLIDAY,TITLE) VALUES (442,TO_DATE('47/08/15','RR/MM/DD'),'광복절');
INSERT INTO MC_HOLIDAY (HOLIDAY_SEQ,HOLIDAY,TITLE) VALUES (443,TO_DATE('48/08/15','RR/MM/DD'),'광복절');
INSERT INTO MC_HOLIDAY (HOLIDAY_SEQ,HOLIDAY,TITLE) VALUES (444,TO_DATE('49/08/15','RR/MM/DD'),'광복절');
INSERT INTO MC_HOLIDAY (HOLIDAY_SEQ,HOLIDAY,TITLE) VALUES (445,TO_DATE('50/08/15','RR/MM/DD'),'광복절');
INSERT INTO MC_HOLIDAY (HOLIDAY_SEQ,HOLIDAY,TITLE) VALUES (446,TO_DATE('14/10/03','RR/MM/DD'),'개천절');
INSERT INTO MC_HOLIDAY (HOLIDAY_SEQ,HOLIDAY,TITLE) VALUES (447,TO_DATE('15/10/03','RR/MM/DD'),'개천절');
INSERT INTO MC_HOLIDAY (HOLIDAY_SEQ,HOLIDAY,TITLE) VALUES (448,TO_DATE('16/10/03','RR/MM/DD'),'개천절');
INSERT INTO MC_HOLIDAY (HOLIDAY_SEQ,HOLIDAY,TITLE) VALUES (449,TO_DATE('18/10/03','RR/MM/DD'),'개천절');
INSERT INTO MC_HOLIDAY (HOLIDAY_SEQ,HOLIDAY,TITLE) VALUES (450,TO_DATE('19/10/03','RR/MM/DD'),'개천절');
INSERT INTO MC_HOLIDAY (HOLIDAY_SEQ,HOLIDAY,TITLE) VALUES (451,TO_DATE('20/10/03','RR/MM/DD'),'개천절');
INSERT INTO MC_HOLIDAY (HOLIDAY_SEQ,HOLIDAY,TITLE) VALUES (452,TO_DATE('21/10/03','RR/MM/DD'),'개천절');
INSERT INTO MC_HOLIDAY (HOLIDAY_SEQ,HOLIDAY,TITLE) VALUES (453,TO_DATE('22/10/03','RR/MM/DD'),'개천절');
INSERT INTO MC_HOLIDAY (HOLIDAY_SEQ,HOLIDAY,TITLE) VALUES (454,TO_DATE('23/10/03','RR/MM/DD'),'개천절');
INSERT INTO MC_HOLIDAY (HOLIDAY_SEQ,HOLIDAY,TITLE) VALUES (455,TO_DATE('24/10/03','RR/MM/DD'),'개천절');
INSERT INTO MC_HOLIDAY (HOLIDAY_SEQ,HOLIDAY,TITLE) VALUES (456,TO_DATE('25/10/03','RR/MM/DD'),'개천절');
INSERT INTO MC_HOLIDAY (HOLIDAY_SEQ,HOLIDAY,TITLE) VALUES (457,TO_DATE('26/10/03','RR/MM/DD'),'개천절');
INSERT INTO MC_HOLIDAY (HOLIDAY_SEQ,HOLIDAY,TITLE) VALUES (458,TO_DATE('27/10/03','RR/MM/DD'),'개천절');
INSERT INTO MC_HOLIDAY (HOLIDAY_SEQ,HOLIDAY,TITLE) VALUES (459,TO_DATE('29/10/03','RR/MM/DD'),'개천절');
INSERT INTO MC_HOLIDAY (HOLIDAY_SEQ,HOLIDAY,TITLE) VALUES (460,TO_DATE('30/10/03','RR/MM/DD'),'개천절');
INSERT INTO MC_HOLIDAY (HOLIDAY_SEQ,HOLIDAY,TITLE) VALUES (461,TO_DATE('31/10/03','RR/MM/DD'),'개천절');
INSERT INTO MC_HOLIDAY (HOLIDAY_SEQ,HOLIDAY,TITLE) VALUES (462,TO_DATE('32/10/03','RR/MM/DD'),'개천절');
INSERT INTO MC_HOLIDAY (HOLIDAY_SEQ,HOLIDAY,TITLE) VALUES (463,TO_DATE('33/10/03','RR/MM/DD'),'개천절');
INSERT INTO MC_HOLIDAY (HOLIDAY_SEQ,HOLIDAY,TITLE) VALUES (464,TO_DATE('34/10/03','RR/MM/DD'),'개천절');
INSERT INTO MC_HOLIDAY (HOLIDAY_SEQ,HOLIDAY,TITLE) VALUES (465,TO_DATE('35/10/03','RR/MM/DD'),'개천절');
INSERT INTO MC_HOLIDAY (HOLIDAY_SEQ,HOLIDAY,TITLE) VALUES (466,TO_DATE('37/10/03','RR/MM/DD'),'개천절');
INSERT INTO MC_HOLIDAY (HOLIDAY_SEQ,HOLIDAY,TITLE) VALUES (467,TO_DATE('38/10/03','RR/MM/DD'),'개천절');
INSERT INTO MC_HOLIDAY (HOLIDAY_SEQ,HOLIDAY,TITLE) VALUES (468,TO_DATE('40/10/03','RR/MM/DD'),'개천절');
INSERT INTO MC_HOLIDAY (HOLIDAY_SEQ,HOLIDAY,TITLE) VALUES (469,TO_DATE('41/10/03','RR/MM/DD'),'개천절');
INSERT INTO MC_HOLIDAY (HOLIDAY_SEQ,HOLIDAY,TITLE) VALUES (470,TO_DATE('42/10/03','RR/MM/DD'),'개천절');
INSERT INTO MC_HOLIDAY (HOLIDAY_SEQ,HOLIDAY,TITLE) VALUES (471,TO_DATE('43/10/03','RR/MM/DD'),'개천절');
INSERT INTO MC_HOLIDAY (HOLIDAY_SEQ,HOLIDAY,TITLE) VALUES (472,TO_DATE('44/10/03','RR/MM/DD'),'개천절');
INSERT INTO MC_HOLIDAY (HOLIDAY_SEQ,HOLIDAY,TITLE) VALUES (473,TO_DATE('45/10/03','RR/MM/DD'),'개천절');
INSERT INTO MC_HOLIDAY (HOLIDAY_SEQ,HOLIDAY,TITLE) VALUES (474,TO_DATE('46/10/03','RR/MM/DD'),'개천절');
INSERT INTO MC_HOLIDAY (HOLIDAY_SEQ,HOLIDAY,TITLE) VALUES (475,TO_DATE('47/10/03','RR/MM/DD'),'개천절');
INSERT INTO MC_HOLIDAY (HOLIDAY_SEQ,HOLIDAY,TITLE) VALUES (476,TO_DATE('48/10/03','RR/MM/DD'),'개천절');
INSERT INTO MC_HOLIDAY (HOLIDAY_SEQ,HOLIDAY,TITLE) VALUES (477,TO_DATE('49/10/03','RR/MM/DD'),'개천절');
INSERT INTO MC_HOLIDAY (HOLIDAY_SEQ,HOLIDAY,TITLE) VALUES (478,TO_DATE('50/10/03','RR/MM/DD'),'개천절');
INSERT INTO MC_HOLIDAY (HOLIDAY_SEQ,HOLIDAY,TITLE) VALUES (479,TO_DATE('14/03/01','RR/MM/DD'),'3·1절');
INSERT INTO MC_HOLIDAY (HOLIDAY_SEQ,HOLIDAY,TITLE) VALUES (480,TO_DATE('15/03/01','RR/MM/DD'),'3·1절');
INSERT INTO MC_HOLIDAY (HOLIDAY_SEQ,HOLIDAY,TITLE) VALUES (481,TO_DATE('16/03/01','RR/MM/DD'),'3·1절');
INSERT INTO MC_HOLIDAY (HOLIDAY_SEQ,HOLIDAY,TITLE) VALUES (482,TO_DATE('17/03/01','RR/MM/DD'),'3·1절');
INSERT INTO MC_HOLIDAY (HOLIDAY_SEQ,HOLIDAY,TITLE) VALUES (483,TO_DATE('18/03/01','RR/MM/DD'),'3·1절');
INSERT INTO MC_HOLIDAY (HOLIDAY_SEQ,HOLIDAY,TITLE) VALUES (484,TO_DATE('19/03/01','RR/MM/DD'),'3·1절');
INSERT INTO MC_HOLIDAY (HOLIDAY_SEQ,HOLIDAY,TITLE) VALUES (485,TO_DATE('20/03/01','RR/MM/DD'),'3·1절');
INSERT INTO MC_HOLIDAY (HOLIDAY_SEQ,HOLIDAY,TITLE) VALUES (486,TO_DATE('21/03/01','RR/MM/DD'),'3·1절');
INSERT INTO MC_HOLIDAY (HOLIDAY_SEQ,HOLIDAY,TITLE) VALUES (487,TO_DATE('22/03/01','RR/MM/DD'),'3·1절');
INSERT INTO MC_HOLIDAY (HOLIDAY_SEQ,HOLIDAY,TITLE) VALUES (488,TO_DATE('23/03/01','RR/MM/DD'),'3·1절');
INSERT INTO MC_HOLIDAY (HOLIDAY_SEQ,HOLIDAY,TITLE) VALUES (489,TO_DATE('24/03/01','RR/MM/DD'),'3·1절');
INSERT INTO MC_HOLIDAY (HOLIDAY_SEQ,HOLIDAY,TITLE) VALUES (490,TO_DATE('25/03/01','RR/MM/DD'),'3·1절');
INSERT INTO MC_HOLIDAY (HOLIDAY_SEQ,HOLIDAY,TITLE) VALUES (491,TO_DATE('26/03/01','RR/MM/DD'),'3·1절');
INSERT INTO MC_HOLIDAY (HOLIDAY_SEQ,HOLIDAY,TITLE) VALUES (492,TO_DATE('27/03/01','RR/MM/DD'),'3·1절');
INSERT INTO MC_HOLIDAY (HOLIDAY_SEQ,HOLIDAY,TITLE) VALUES (493,TO_DATE('28/03/01','RR/MM/DD'),'3·1절');
INSERT INTO MC_HOLIDAY (HOLIDAY_SEQ,HOLIDAY,TITLE) VALUES (494,TO_DATE('29/03/01','RR/MM/DD'),'3·1절');
INSERT INTO MC_HOLIDAY (HOLIDAY_SEQ,HOLIDAY,TITLE) VALUES (495,TO_DATE('30/03/01','RR/MM/DD'),'3·1절');
INSERT INTO MC_HOLIDAY (HOLIDAY_SEQ,HOLIDAY,TITLE) VALUES (496,TO_DATE('31/03/01','RR/MM/DD'),'3·1절');
INSERT INTO MC_HOLIDAY (HOLIDAY_SEQ,HOLIDAY,TITLE) VALUES (497,TO_DATE('32/03/01','RR/MM/DD'),'3·1절');
INSERT INTO MC_HOLIDAY (HOLIDAY_SEQ,HOLIDAY,TITLE) VALUES (498,TO_DATE('33/03/01','RR/MM/DD'),'3·1절');
INSERT INTO MC_HOLIDAY (HOLIDAY_SEQ,HOLIDAY,TITLE) VALUES (499,TO_DATE('34/03/01','RR/MM/DD'),'3·1절');
INSERT INTO MC_HOLIDAY (HOLIDAY_SEQ,HOLIDAY,TITLE) VALUES (500,TO_DATE('35/03/01','RR/MM/DD'),'3·1절');
INSERT INTO MC_HOLIDAY (HOLIDAY_SEQ,HOLIDAY,TITLE) VALUES (501,TO_DATE('36/03/01','RR/MM/DD'),'3·1절');
INSERT INTO MC_HOLIDAY (HOLIDAY_SEQ,HOLIDAY,TITLE) VALUES (502,TO_DATE('37/03/01','RR/MM/DD'),'3·1절');
INSERT INTO MC_HOLIDAY (HOLIDAY_SEQ,HOLIDAY,TITLE) VALUES (503,TO_DATE('38/03/01','RR/MM/DD'),'3·1절');
INSERT INTO MC_HOLIDAY (HOLIDAY_SEQ,HOLIDAY,TITLE) VALUES (504,TO_DATE('39/03/01','RR/MM/DD'),'3·1절');
INSERT INTO MC_HOLIDAY (HOLIDAY_SEQ,HOLIDAY,TITLE) VALUES (505,TO_DATE('40/03/01','RR/MM/DD'),'3·1절');
INSERT INTO MC_HOLIDAY (HOLIDAY_SEQ,HOLIDAY,TITLE) VALUES (506,TO_DATE('41/03/01','RR/MM/DD'),'3·1절');
INSERT INTO MC_HOLIDAY (HOLIDAY_SEQ,HOLIDAY,TITLE) VALUES (507,TO_DATE('42/03/01','RR/MM/DD'),'3·1절');
INSERT INTO MC_HOLIDAY (HOLIDAY_SEQ,HOLIDAY,TITLE) VALUES (508,TO_DATE('43/03/01','RR/MM/DD'),'3·1절');
INSERT INTO MC_HOLIDAY (HOLIDAY_SEQ,HOLIDAY,TITLE) VALUES (509,TO_DATE('44/03/01','RR/MM/DD'),'3·1절');
INSERT INTO MC_HOLIDAY (HOLIDAY_SEQ,HOLIDAY,TITLE) VALUES (510,TO_DATE('45/03/01','RR/MM/DD'),'3·1절');
INSERT INTO MC_HOLIDAY (HOLIDAY_SEQ,HOLIDAY,TITLE) VALUES (511,TO_DATE('46/03/01','RR/MM/DD'),'3·1절');
INSERT INTO MC_HOLIDAY (HOLIDAY_SEQ,HOLIDAY,TITLE) VALUES (512,TO_DATE('47/03/01','RR/MM/DD'),'3·1절');
INSERT INTO MC_HOLIDAY (HOLIDAY_SEQ,HOLIDAY,TITLE) VALUES (513,TO_DATE('48/03/01','RR/MM/DD'),'3·1절');
INSERT INTO MC_HOLIDAY (HOLIDAY_SEQ,HOLIDAY,TITLE) VALUES (514,TO_DATE('49/03/01','RR/MM/DD'),'3·1절');
INSERT INTO MC_HOLIDAY (HOLIDAY_SEQ,HOLIDAY,TITLE) VALUES (515,TO_DATE('50/03/01','RR/MM/DD'),'3·1절');
INSERT INTO MC_HOLIDAY (HOLIDAY_SEQ,HOLIDAY,TITLE) VALUES (516,TO_DATE('14/05/01','RR/MM/DD'),'근로자의날');

INSERT INTO MC_BOARD_COLUMN (ORDER_NUM,COL_CODE,COL_KOR,COL_HELPER, COL_EDIT) VALUES ('1','rn','번호','리스트 페이지에서 보여주기만 가능하며, 수정은 불가능합니다.', 'N');
INSERT INTO MC_BOARD_COLUMN (ORDER_NUM,COL_CODE,COL_KOR,COL_HELPER, COL_EDIT) VALUES ('3','title','제목','제목을 입력하는 필드이며, 게시판의 필수항목입니다.', 'Y');
INSERT INTO MC_BOARD_COLUMN (ORDER_NUM,COL_CODE,COL_KOR,COL_HELPER, COL_EDIT) VALUES ('4','conts','내용','게시물의 내용을 입력하는 필드로 에디터로 구성되어 있습니다.', 'Y');
INSERT INTO MC_BOARD_COLUMN (ORDER_NUM,COL_CODE,COL_KOR,COL_HELPER, COL_EDIT) VALUES ('5','ip','등록자아이피','게시물 등록자의 아이피가 자동으로 입력되며, 보여주기만 가능하고 수정은 불가합니다.', 'N');
INSERT INTO MC_BOARD_COLUMN (ORDER_NUM,COL_CODE,COL_KOR,COL_HELPER, COL_EDIT) VALUES ('6','view_cnt','조회수','게시물의 조회수를 보여주며, 수정은 불가능합니다.', 'N');
INSERT INTO MC_BOARD_COLUMN (ORDER_NUM,COL_CODE,COL_KOR,COL_HELPER, COL_EDIT) VALUES ('7','public_yn','공개/비공개','게시물의 공개 비공개를 선택 할 수 있도록 합니다.', 'Y');
INSERT INTO MC_BOARD_COLUMN (ORDER_NUM,COL_CODE,COL_KOR,COL_HELPER, COL_EDIT) VALUES ('8','notice_yn','공지','관리자 전용 기능으로 게시물을 최상단에 보이도록 하는 기능입니다.', 'Y');
INSERT INTO MC_BOARD_COLUMN (ORDER_NUM,COL_CODE,COL_KOR,COL_HELPER, COL_EDIT) VALUES ('9','cat_nm','카테고리','반드시 카테고리를 생성 후 사용해야 하며, 게시물의 카테고리를 지정해주는 기능을 합니다.', 'Y');
INSERT INTO MC_BOARD_COLUMN (ORDER_NUM,COL_CODE,COL_KOR,COL_HELPER, COL_EDIT) VALUES ('10','thumb','썸네일','내용 컬럼과 같이 사용해야 하며, 에디터에서 등록된 이미지를 썸네일로 보여주기만 가능합니다.', 'Y');
INSERT INTO MC_BOARD_COLUMN (ORDER_NUM,COL_CODE,COL_KOR,COL_HELPER, COL_EDIT) VALUES ('11','password','패스워드','게시물 등록시 비밀번호를 입력하며, 한번 등록되면 수정은 불가능합니다.', 'N');
INSERT INTO MC_BOARD_COLUMN (ORDER_NUM,COL_CODE,COL_KOR,COL_HELPER, COL_EDIT) VALUES ('12','sdate','시작일','날짜를 선택할 수 있도록 기능을 제공 합니다.', 'Y');
INSERT INTO MC_BOARD_COLUMN (ORDER_NUM,COL_CODE,COL_KOR,COL_HELPER, COL_EDIT) VALUES ('13','edate','종료일','날짜를 선택할 수 있도록 기능을 제공 합니다.', 'Y');
INSERT INTO MC_BOARD_COLUMN (ORDER_NUM,COL_CODE,COL_KOR,COL_HELPER, COL_EDIT) VALUES ('14','reg_dt','등록일','게시물의 등록일을 보여주며, 수정이 불가능합니다.', 'N');
INSERT INTO MC_BOARD_COLUMN (ORDER_NUM,COL_CODE,COL_KOR,COL_HELPER, COL_EDIT) VALUES ('15','reg_id','등록자아이디','게시물의 등록자 아이디가 보이며, 수정이 불가능합니다.', 'N');
INSERT INTO MC_BOARD_COLUMN (ORDER_NUM,COL_CODE,COL_KOR,COL_HELPER, COL_EDIT) VALUES ('16','reg_nm','등록자이름','게시물의 등록자 이름이 보이며, 사용자는 수정이 가능합니다.', 'Y');
INSERT INTO MC_BOARD_COLUMN (ORDER_NUM,COL_CODE,COL_KOR,COL_HELPER, COL_EDIT) VALUES ('17','tel','일반전화','게시물에서 일반전화 번호를 입력 받을 수 있는 기능을 제공합니다.', 'Y');
INSERT INTO MC_BOARD_COLUMN (ORDER_NUM,COL_CODE,COL_KOR,COL_HELPER, COL_EDIT) VALUES ('18','cell','휴대전화','게시물에서 휴대전화 번호를 입력 받을 수 있는 기능을 제공합니다.', 'Y');
INSERT INTO MC_BOARD_COLUMN (ORDER_NUM,COL_CODE,COL_KOR,COL_HELPER, COL_EDIT) VALUES ('19','email','이메일','게시물에서 이메일을 입력 받을 수 있는 기능을 제공합니다.', 'Y');
INSERT INTO MC_BOARD_COLUMN (ORDER_NUM,COL_CODE,COL_KOR,COL_HELPER, COL_EDIT) VALUES ('20','etc01','기타1','INPUT TEXT 필드', 'Y');
INSERT INTO MC_BOARD_COLUMN (ORDER_NUM,COL_CODE,COL_KOR,COL_HELPER, COL_EDIT) VALUES ('21','etc02','기타2','INPUT TEXT 필드', 'Y');
INSERT INTO MC_BOARD_COLUMN (ORDER_NUM,COL_CODE,COL_KOR,COL_HELPER, COL_EDIT) VALUES ('22','etc03','기타3','INPUT TEXT 필드', 'Y');
INSERT INTO MC_BOARD_COLUMN (ORDER_NUM,COL_CODE,COL_KOR,COL_HELPER, COL_EDIT) VALUES ('23','etc04','기타4','INPUT TEXT 필드', 'Y');
INSERT INTO MC_BOARD_COLUMN (ORDER_NUM,COL_CODE,COL_KOR,COL_HELPER, COL_EDIT) VALUES ('24','etc05','기타5','INPUT TEXT 필드', 'Y');
INSERT INTO MC_BOARD_COLUMN (ORDER_NUM,COL_CODE,COL_KOR,COL_HELPER, COL_EDIT) VALUES ('25','etc06','기타6','INPUT TEXT 필드', 'Y');
INSERT INTO MC_BOARD_COLUMN (ORDER_NUM,COL_CODE,COL_KOR,COL_HELPER, COL_EDIT) VALUES ('26','etc07','기타7','INPUT TEXT 필드', 'Y');
INSERT INTO MC_BOARD_COLUMN (ORDER_NUM,COL_CODE,COL_KOR,COL_HELPER, COL_EDIT) VALUES ('27','etc08','기타8','INPUT TEXT 필드', 'Y');
INSERT INTO MC_BOARD_COLUMN (ORDER_NUM,COL_CODE,COL_KOR,COL_HELPER, COL_EDIT) VALUES ('28','etc09','기타9','INPUT TEXT 필드', 'Y');
INSERT INTO MC_BOARD_COLUMN (ORDER_NUM,COL_CODE,COL_KOR,COL_HELPER, COL_EDIT) VALUES ('29','etc10','기타10','INPUT TEXT 필드', 'Y');

INSERT INTO MC_BOARD_LIST (SEQ,BOARD_TYPE,NAME) VALUES ('1','A','일반');
INSERT INTO MC_BOARD_LIST (SEQ,BOARD_TYPE,NAME) VALUES ('2','B','갤러리');
INSERT INTO MC_BOARD_LIST (SEQ,BOARD_TYPE,NAME) VALUES ('3','C','1:1문의');
INSERT INTO MC_BOARD_LIST (SEQ,BOARD_TYPE,NAME) VALUES ('4','D','답변형');
INSERT INTO MC_BOARD_LIST (SEQ,BOARD_TYPE,NAME) VALUES ('5','E','FAQ');
INSERT INTO MC_BOARD_LIST (SEQ,BOARD_TYPE,NAME) VALUES ('6','F','CUSTOM');

INSERT INTO MC_CMS_MENU_FILTER_DEF(SITE_ID, JUMIN_YN, BUSINO_YN, BUBINO_YN, EMAIL_YN, CELL_YN, TEL_YN, CARD_YN, FORBIDDEN_WORD) VALUES (1, 'N','N','N','N','N','N','N', '개새끼');
